Subject,Session,Force,IsOutlier,Object,Target,Ideal,IdealInterp
1,1,310.993557142744,0,1,2,385.562017464148,385.562017464148
1,1,357.2234980612,0,1,2,333.847020107167,333.847020107167
1,1,369.518088691887,0,1,2,317.242218569864,317.242218569864
1,1,433.972781466025,0,1,2,391.5579265299,391.5579265299
1,1,323.792905402255,0,1,2,325.96167444846,325.96167444846
1,1,344.226398121642,0,1,2,268.657632444961,268.657632444961
1,1,394.441019952135,0,1,2,308.200320928673,308.200320928673
1,1,380.883629473452,0,1,2,307.794819355583,307.794819355583
1,1,337.954776792127,0,1,2,237.398860292917,237.398860292917
1,1,366.26146621785,0,1,2,282.901978932154,282.901978932154
1,1,485.968454336718,0,2,2,491.418279724651,491.418279724651
1,1,394.467357889321,0,2,2,431.382489264046,431.382489264046
1,1,368.139429017727,0,2,2,346.398137722774,346.398137722774
1,1,425.878514884537,0,2,2,407.986607651441,407.986607651441
1,1,392.926931411477,0,2,2,340.939917922864,340.939917922864
1,1,353.28864276652,0,2,2,395.676049719933,395.676049719933
1,1,333.246362437872,0,2,2,342.815047598922,342.815047598922
1,1,456.231800650031,0,2,2,336.275915070109,336.275915070109
1,1,318.543825743513,0,2,2,300.121671943977,300.121671943977
1,1,323.227799776816,0,2,2,296.392054513452,296.392054513452
1,1,325.846638263014,0,4,2,572.11834991722,572.11834991722
1,1,509.943597062018,0,4,2,454.276966914037,454.276966914037
1,1,338.625967428606,0,4,2,542.728252485945,542.728252485945
1,1,512.022977738789,0,4,2,470.008110590942,470.008110590942
1,1,421.955126681439,0,4,2,512.604674956747,512.604674956747
1,1,404.755273355947,0,4,2,414.12165457193,414.12165457193
1,1,441.470504747042,0,4,2,476.01894169613,476.01894169613
1,1,351.452568143191,0,4,2,570.795337002315,570.795337002315
1,1,64.7125390819917,0,4,2,344.537913008438,344.537913008438
1,1,475.713176573303,0,4,2,352.996122917395,352.996122917395
1,1,450.005377021235,0,5,2,638.509763061661,638.509763061661
1,1,332.953791248476,0,5,2,601.752108535488,601.752108535488
1,1,462.787584126664,0,5,2,568.278723829516,568.278723829516
1,1,455.196615538823,0,5,2,540.730492683113,540.730492683113
1,1,394.097361780684,0,5,2,539.33247563344,539.33247563344
1,1,361.860943842558,0,5,2,600.405737833803,600.405737833803
1,1,364.944648483732,0,5,2,440.265736040356,440.265736040356
1,1,409.38741401248,0,5,2,556.153923683186,556.153923683186
1,1,522.048963178742,0,5,2,613.858957834243,613.858957834243
1,1,500.735517632648,0,5,2,508.028262525891,508.028262525891
1,1,395.172491105015,0,5,3,556.032080437515,556.032080437515
1,1,488.005103637999,0,5,3,526.412503315749,526.412503315749
1,1,289.731586341091,0,5,3,543.444424696774,543.444424696774
1,1,469.932341656838,0,5,3,522.310242868104,522.310242868104
1,1,483.76809349327,0,5,3,492.196531781874,492.196531781874
1,1,445.965848859853,0,5,3,459.919013586316,459.919013586316
1,1,435.631327350314,0,5,3,427.107678349732,427.107678349732
1,1,380.291630684954,0,5,3,411.14151565011,411.14151565011
1,1,279.517382032335,0,5,3,326.800202890803,326.800202890803
1,1,388.926052704227,0,5,3,340.35119908043,340.35119908043
1,2,340.198027230702,0,3,1,611.825715180667,488.158815303723
1,2,495.643486932284,0,3,1,447.054327946489,356.692282936029
1,2,455.268814366163,0,3,1,500.275732215385,399.156169320786
1,2,540.36689010598,0,3,1,452.084833399198,360.705984095105
1,2,347.627261279922,0,3,1,548.242159455414,437.427254884639
1,2,456.365508780229,0,3,1,510.90173869402,407.634365979271
1,2,323.742459351138,0,3,1,489.424728708253,390.498453756585
1,2,360.254358032594,0,3,1,631.666958849833,503.989594826994
1,2,360.642727320093,0,3,1,515.389085473147,411.214695856234
1,2,492.343973127141,0,3,1,501.830066672079,400.396329791552
1,2,371.677897767882,0,1,2,320.608827988488,320.608827988488
1,2,293.20223868657,0,1,2,312.465591390171,312.465591390171
1,2,431.577957292631,0,1,2,267.725762125892,267.725762125892
1,2,303.312661690582,0,1,2,329.267662942875,329.267662942875
1,2,400.450293327767,0,1,2,293.266353751555,293.266353751555
1,2,382.508191313394,0,1,2,311.611826328563,311.611826328563
1,2,297.482874295021,0,1,2,285.464703881293,285.464703881293
1,2,307.263542481122,0,1,2,295.02977318583,295.02977318583
1,2,348.144206470106,0,1,2,304.345230267724,304.345230267724
1,2,411.663468199627,0,1,2,286.364912892779,286.364912892779
1,2,452.917435928537,0,2,2,321.995409362478,321.995409362478
1,2,386.376320596541,0,2,2,378.861372117272,378.861372117272
1,2,395.449465285475,0,2,2,395.855576763129,395.855576763129
1,2,401.831386699142,0,2,2,285.590051854316,285.590051854316
1,2,363.74877837287,0,2,2,402.157889360988,402.157889360988
1,2,344.196987728848,0,2,2,357.220309871884,357.220309871884
1,2,381.426777049901,0,2,2,287.504369865872,287.504369865872
1,2,352.520455792832,0,2,2,364.773608369837,364.773608369837
1,2,372.978201887062,0,2,2,356.329180184836,356.329180184836
1,2,448.981405033006,0,2,2,329.364610083653,329.364610083653
1,2,415.448076824102,0,3,2,609.360206047216,486.191653761077
1,2,655.043935128888,0,3,2,401.513404813391,320.356440010684
1,2,307.258907918748,0,3,2,582.509821294494,464.768474437096
1,2,382.576059855951,0,3,2,536.100002316203,427.739363550162
1,2,350.079893927983,0,3,2,414.4449098209,330.67413017625
1,2,301.325962167995,0,3,2,539.887955127509,430.76166632514
1,2,452.98377332074,0,3,2,459.256638869602,366.428169310853
1,2,504.709883850073,0,3,2,522.106527043931,416.574356683988
1,2,410.888182287804,0,3,2,521.545292497322,416.126563162757
1,2,407.813134570122,0,3,2,524.838131559657,418.753828372066
1,2,472.143337483051,0,4,2,425.198033425277,425.198033425277
1,2,261.386651978992,0,4,2,445.993558914042,445.993558914042
1,2,467.661788388019,0,4,2,436.348652049887,436.348652049887
1,2,330.322364385858,0,4,2,467.220745246202,467.220745246202
1,2,493.040374384267,0,4,2,393.361920258267,393.361920258267
1,2,437.589730354974,0,4,2,514.133798679336,514.133798679336
1,2,397.612715544196,0,4,2,499.181452605626,499.181452605626
1,2,395.680538662404,0,4,2,509.895275793912,509.895275793912
1,2,443.627195244111,0,4,2,453.501354748479,453.501354748479
1,2,487.292771561264,0,4,2,426.700702308304,426.700702308304
1,2,380.660850707456,0,5,2,539.899958924289,539.899958924289
1,2,602.79847231006,0,5,2,460.025659164774,460.025659164774
1,2,236.399480638656,0,5,2,638.187807465347,638.187807465347
1,2,371.697211567403,0,5,2,505.216951876394,505.216951876394
1,2,489.614989022344,0,5,2,421.58142928534,421.58142928534
1,2,346.344450293343,0,5,2,537.416090496599,537.416090496599
1,2,360.4343186402,0,5,2,547.429726328116,547.429726328116
1,2,482.575441836951,0,5,2,534.58273447081,534.58273447081
1,2,523.533110178015,0,5,2,536.543943449695,536.543943449695
1,2,388.957559968687,0,5,2,559.527345062389,559.527345062389
1,2,321.774207928396,0,5,3,402.606362716997,402.606362716997
1,2,384.26748205594,0,5,3,496.984507156478,496.984507156478
1,2,223.854120885694,0,5,3,500.988041585332,500.988041585332
1,2,352.424255516489,0,5,3,443.088420432734,443.088420432734
1,2,347.682039648973,0,5,3,410.580806912022,410.580806912022
1,2,386.698312337497,0,5,3,433.755538521121,433.755538521121
1,2,438.563782816476,0,5,3,427.428027870735,427.428027870735
1,2,425.598395044319,0,5,3,515.030238937888,515.030238937888
1,2,424.113216976016,0,5,3,518.067339654622,518.067339654622
1,2,386.108879552922,0,5,3,436.313442470456,436.313442470456
1,3,309.39224606457,0,1,1,413.863678828775,413.863678828775
1,3,381.573701785249,0,1,1,341.440354283982,341.440354283982
1,3,446.42892038768,0,1,1,360.704550970709,360.704550970709
1,3,333.817632583594,0,1,1,360.989257263784,360.989257263784
1,3,439.186724063834,0,1,1,369.36028331146,369.36028331146
1,3,402.170238361425,0,1,1,374.245902848749,374.245902848749
1,3,402.954743015184,0,1,1,334.892834629708,334.892834629708
1,3,464.881913016156,0,1,1,378.340906550459,378.340906550459
1,3,172.787294754441,0,1,1,376.33089098358,376.33089098358
1,3,436.192887683016,0,1,1,341.451097254081,341.451097254081
1,3,428.987542738828,0,2,1,455.325937519849,455.325937519849
1,3,321.748525732376,0,2,1,376.141422407201,376.141422407201
1,3,512.017142046502,0,2,1,380.00933249878,380.00933249878
1,3,165.129509222952,0,2,1,402.736100705358,402.736100705358
1,3,288.726926552489,0,2,1,464.112421953571,464.112421953571
1,3,536.591879760006,0,2,1,422.964122665186,422.964122665186
1,3,445.778672024784,0,2,1,400.35571291164,400.35571291164
1,3,326.48679250548,0,2,1,491.068562918315,491.068562918315
1,3,370.447843748961,0,2,1,475.822690047194,475.822690047194
1,3,423.909978995155,0,2,1,464.035711310714,464.035711310714
1,3,534.623664852,0,3,1,464.194285129001,370.367780688033
1,3,541.104639874957,0,3,1,473.082558148815,377.459487884693
1,3,356.170545530884,0,3,1,563.131508218295,449.307054429491
1,3,339.277845136325,0,3,1,531.292475987617,423.903571266716
1,3,571.225548979496,0,3,1,505.494624536528,403.320179151485
1,3,287.348653438053,0,3,1,750.899628587001,599.122044085373
1,3,518.074236772119,0,3,1,660.059803825869,526.643460499363
1,3,418.67651872346,0,3,1,628.118639804227,501.1584892055
1,3,419.775716790061,0,3,1,569.964938705316,454.759259605306
1,3,506.154737306867,0,3,1,579.660888880453,462.495390064191
1,3,477.145869497266,0,4,1,590.242280165985,590.242280165985
1,3,391.299083144531,0,4,1,499.627945661503,499.627945661503
1,3,469.263255148488,0,4,1,500.670569222711,500.670569222711
1,3,244.607417868901,0,4,1,545.32607975257,545.32607975257
1,3,368.319102488007,0,4,1,591.00717458445,591.00717458445
1,3,663.78964695148,0,4,1,631.784335405438,631.784335405438
1,3,542.955383077788,0,4,1,512.936026826466,512.936026826466
1,3,514.676631254841,0,4,1,613.592598589514,613.592598589514
1,3,668.717905757098,0,4,1,527.391205995857,527.391205995857
1,3,432.064556756573,0,4,1,630.830171802239,630.830171802239
1,3,557.92243686796,0,5,1,709.087882009312,709.087882009312
1,3,415.120310261489,0,5,1,490.247270967591,490.247270967591
1,3,457.300950808158,0,5,1,560.673233285437,560.673233285437
1,3,511.953451115422,0,5,1,491.30470901048,491.30470901048
1,3,439.137543664439,0,5,1,449.393895105824,449.393895105824
1,3,449.827817484785,0,5,1,606.338237568958,606.338237568958
1,3,493.408990278678,0,5,1,634.152392974352,634.152392974352
1,3,599.518209204245,0,5,1,612.604647673616,612.604647673616
1,3,399.069720651041,0,5,1,618.584185614006,618.584185614006
1,3,442.155214453777,0,5,1,702.217000328574,702.217000328574
1,3,398.547690192722,0,1,2,335.459025774898,335.459025774898
1,3,380.075155497093,0,1,2,279.434220699373,279.434220699373
1,3,441.25641520751,0,1,2,337.824338423948,337.824338423948
1,3,462.22106344879,0,1,2,302.446988433945,302.446988433945
1,3,423.455103520834,0,1,2,341.368625598338,341.368625598338
1,3,480.805460038486,0,1,2,366.529487356269,366.529487356269
1,3,327.43141451481,0,1,2,439.262770781207,439.262770781207
1,3,438.425067642418,0,1,2,332.842400066662,332.842400066662
1,3,452.271038360378,0,1,2,281.372054853961,281.372054853961
1,3,383.129292457819,0,1,2,316.891474450944,316.891474450944
1,3,414.168441791419,0,2,2,351.518876017383,351.518876017383
1,3,443.146653889343,0,2,2,351.608177905625,351.608177905625
1,3,487.602191825767,0,2,2,314.812396409478,314.812396409478
1,3,240.925613227526,1,2,2,332.102602898734,332.102602898734
1,3,430.658950621452,0,2,2,368.625331293041,368.625331293041
1,3,461.385556039387,0,2,2,494.754938920235,494.754938920235
1,3,417.606040079499,0,2,2,426.027213000524,426.027213000524
1,3,413.481178876988,0,2,2,376.705284290502,376.705284290502
1,3,600.403942447563,1,2,2,379.031519301929,379.031519301929
1,3,455.920771819527,0,2,2,382.400313347129,382.400313347129
1,3,443.734848033848,0,3,2,556.363109412577,443.90673623344
1,3,339.226869557844,0,3,2,554.21933567037,442.196278460402
1,3,396.577783446353,0,3,2,495.138676846349,395.057454930598
1,3,448.250150517044,0,3,2,536.543867477089,428.093511284911
1,3,483.167978123201,0,3,2,533.12970412198,425.369444778175
1,3,385.303548220603,0,3,2,558.31341529472,445.462831352171
1,3,302.737935909308,0,3,2,582.566598541147,464.813775431766
1,3,475.965770136388,0,3,2,565.972883861179,451.574109463707
1,3,462.853449747453,0,3,2,520.864083977994,415.583045727122
1,3,509.003184984699,0,3,2,583.521469134003,465.575640266492
1,3,476.744285588585,0,4,2,490.572657046889,490.572657046889
1,3,442.055488283292,0,4,2,537.096833653672,537.096833653672
1,3,511.415115183475,0,4,2,500.833447488646,500.833447488646
1,3,533.013538560976,0,4,2,424.346212101789,424.346212101789
1,3,448.134487300264,0,4,2,371.92092836056,371.92092836056
1,3,301.433586729129,0,4,2,544.602358975523,544.602358975523
1,3,374.836379783193,0,4,2,565.186957236201,565.186957236201
1,3,419.782717648789,0,4,2,512.52731134296,512.52731134296
1,3,413.497447012229,0,4,2,531.399632692222,531.399632692222
1,3,616.600890073838,0,4,2,505.968115154385,505.968115154385
1,3,474.33794745705,0,5,2,599.418964380654,599.418964380654
1,3,444.076285761522,0,5,2,496.673171082658,496.673171082658
1,3,448.657280874336,0,5,2,517.012703411947,517.012703411947
1,3,561.792570456065,0,5,2,496.216381078076,496.216381078076
1,3,551.826112582795,0,5,2,548.143267639661,548.143267639661
1,3,566.156362877197,0,5,2,624.908710629456,624.908710629456
1,3,428.209491986374,0,5,2,498.593443752123,498.593443752123
1,3,497.386216732756,0,5,2,573.145263958954,573.145263958954
1,3,471.622022112163,0,5,2,553.791473004182,553.791473004182
1,3,468.52118248282,0,5,2,632.376871507986,632.376871507986
1,3,386.632051892729,0,1,3,270.340973933141,270.340973933141
1,3,326.60928897875,0,1,3,265.063708983882,265.063708983882
1,3,356.008011629802,0,1,3,315.843293153294,315.843293153294
1,3,387.397189790016,0,1,3,321.061747092661,321.061747092661
1,3,387.726918486405,0,1,3,309.401537510625,309.401537510625
1,3,410.758601500872,0,1,3,317.122338101597,317.122338101597
1,3,371.910092565347,0,1,3,301.966502662754,301.966502662754
1,3,295.775339764741,0,1,3,362.582335995119,362.582335995119
1,3,433.212695715454,0,1,3,347.651411451619,347.651411451619
1,3,455.061680238167,0,1,3,327.452104268245,327.452104268245
1,3,324.721687946175,0,2,3,331.632490202639,331.632490202639
1,3,267.503918439706,0,2,3,319.502425060009,319.502425060009
1,3,375.266892635021,0,2,3,337.025722539257,337.025722539257
1,3,407.836960477295,0,2,3,370.956707706862,370.956707706862
1,3,311.052146991037,0,2,3,195.809170048046,195.809170048046
1,3,324.060802967227,0,2,3,301.31908518672,301.31908518672
1,3,402.295773961823,0,2,3,350.105345496352,350.105345496352
1,3,391.161939963455,0,2,3,459.253856163528,459.253856163528
1,3,317.307663771506,0,2,3,392.23218906812,392.23218906812
1,3,418.336888186055,0,2,3,335.995783518306,335.995783518306
1,3,430.710111927445,0,3,3,426.695165099686,340.448270026345
1,3,333.678162729462,0,3,3,430.259493660534,343.292149197235
1,3,422.227755253267,0,3,3,523.718282945817,417.86033213762
1,3,411.248482292374,0,3,3,518.723747087378,413.875330122908
1,3,294.800719242842,0,3,3,512.945860798516,409.265314466901
1,3,311.139876404839,0,3,3,494.672839103393,394.685775880366
1,3,351.809792887683,0,3,3,509.061256760477,406.165896351444
1,3,361.193942068843,0,3,3,540.066905647519,430.904445995361
1,3,486.988581530229,0,3,3,429.154377337574,342.410407450191
1,3,399.313082278456,0,3,3,531.688374926179,424.219448079398
1,3,296.821821102781,0,4,3,456.841170268751,456.841170268751
1,3,342.351391961136,0,4,3,444.688712773674,444.688712773674
1,3,360.504038796567,0,4,3,390.737861322967,390.737861322967
1,3,371.379503346706,0,4,3,425.119113368222,425.119113368222
1,3,401.771562579043,0,4,3,412.778420556865,412.778420556865
1,3,327.7349266076,0,4,3,364.838181786824,364.838181786824
1,3,359.135662838922,0,4,3,391.785315583591,391.785315583591
1,3,272.470303223489,0,4,3,480.122060548788,480.122060548788
1,3,473.784675737332,0,4,3,433.967317493164,433.967317493164
1,3,374.688289702169,0,4,3,498.30682861631,498.30682861631
1,3,450.82036094003,0,5,3,490.168047521908,490.168047521908
1,3,383.337767058173,0,5,3,490.720230393852,490.720230393852
1,3,376.070201867761,0,5,3,457.212695280517,457.212695280517
1,3,455.50105428691,0,5,3,388.540844771555,388.540844771555
1,3,346.545939553039,0,5,3,524.000990559817,524.000990559817
1,3,433.922186238285,0,5,3,445.217435708147,445.217435708147
1,3,361.305586883088,0,5,3,540.99363750341,540.99363750341
1,3,353.162850344621,0,5,3,520.235053203794,520.235053203794
1,3,330.130467647015,0,5,3,533.250528767899,533.250528767899
1,3,440.780011999094,0,5,3,504.791975627012,504.791975627012
2,1,298.351177044718,0,1,2,348.658324258798,348.658324258798
2,1,282.763732826145,0,1,2,370.464819508182,370.464819508182
2,1,402.196591773737,0,1,2,259.618692311737,259.618692311737
2,1,404.567840296848,0,1,2,280.817270739313,280.817270739313
2,1,321.222753662881,0,1,2,279.42928599441,279.42928599441
2,1,328.854175388457,0,1,2,283.040904979113,283.040904979113
2,1,378.04788439467,0,1,2,259.137794583779,259.137794583779
2,1,284.723323871213,0,1,2,219.562530146917,219.562530146917
2,1,249.011493420469,0,1,2,194.220240692199,194.220240692199
2,1,278.903916580033,0,1,2,339.447977268754,339.447977268754
2,1,276.834907866035,0,2,2,352.217196366593,352.217196366593
2,1,342.14083104744,0,2,2,279.752918891042,279.752918891042
2,1,329.301820794841,0,2,2,284.351511508219,284.351511508219
2,1,333.920227252468,0,2,2,289.197331841139,289.197331841139
2,1,265.86693690999,0,2,2,353.847444620454,353.847444620454
2,1,323.501824652631,0,2,2,368.509078955032,368.509078955032
2,1,290.929309982947,0,2,2,292.478173045221,292.478173045221
2,1,256.481079881888,0,2,2,316.456359114734,316.456359114734
2,1,309.132142417588,0,2,2,317.089393652727,317.089393652727
2,1,-175.348587916394,1,2,2,211.13624957609,211.13624957609
2,1,248.347904233894,0,4,2,433.281506295252,433.281506295252
2,1,290.993995787477,0,4,2,394.291760539187,394.291760539187
2,1,364.86206188212,0,4,2,406.179342365069,406.179342365069
2,1,348.516709005115,0,4,2,358.194534284868,358.194534284868
2,1,333.003939034427,0,4,2,368.938681814102,368.938681814102
2,1,309.533878470996,0,4,2,431.338510248365,431.338510248365
2,1,356.429380576261,0,4,2,423.634405133198,423.634405133198
2,1,325.938601214523,0,4,2,431.356064154392,431.356064154392
2,1,310.987853511787,0,4,2,389.433444161644,389.433444161644
2,1,276.571839290596,0,4,2,359.001392668069,359.001392668069
2,1,301.93357925057,0,5,2,489.033651752932,489.033651752932
2,1,292.758677693263,0,5,2,413.630811903153,413.630811903153
2,1,306.20283532822,0,5,2,468.545060718544,468.545060718544
2,1,323.850918219943,0,5,2,361.915241376372,361.915241376372
2,1,334.751410816727,0,5,2,452.208218771444,452.208218771444
2,1,412.461172472569,0,5,2,473.322064192355,473.322064192355
2,1,406.608881213373,0,5,2,432.672443144542,432.672443144542
2,1,331.370319442311,0,5,2,359.575321935202,359.575321935202
2,1,342.521369791941,0,5,2,415.222457154369,415.222457154369
2,1,277.953850578104,0,5,2,437.902073548222,437.902073548222
2,1,413.463995040617,0,5,3,510.177920986284,510.177920986284
2,1,401.356293472967,0,5,3,501.09966522909,501.09966522909
2,1,362.611295441389,0,5,3,472.61147668171,472.61147668171
2,1,354.860702653931,0,5,3,419.812790825054,419.812790825054
2,1,366.127347882831,0,5,3,498.901921285324,498.901921285324
2,1,410.249456593112,0,5,3,484.113410553707,484.113410553707
2,1,384.311685056403,0,5,3,414.168939738834,414.168939738834
2,1,443.398534579294,0,5,3,457.981597788582,457.981597788582
2,1,345.621405854659,0,5,3,433.05974459848,433.05974459848
2,1,305.937122929908,0,5,3,366.420925502274,366.420925502274
2,2,370.227679420888,0,3,1,433.613642861563,345.968332070395
2,2,352.967726539321,0,3,1,474.34352722456,378.465580232362
2,2,431.893892469111,0,3,1,511.421247369518,408.048867582062
2,2,365.224060258748,0,3,1,560.325910834916,447.068545878922
2,2,289.892158648162,0,3,1,534.500644147301,426.463279904762
2,2,540.553639779509,1,3,1,454.052206930734,362.275697019203
2,2,394.256170680034,0,3,1,350.659468588323,279.781490894939
2,2,357.627468883851,0,3,1,515.791902175332,411.536092161169
2,2,390.005807076827,0,3,1,478.01169031486,381.392306102282
2,2,248.872834395966,0,3,1,601.789354767168,480.151080931251
2,2,288.20342976369,0,1,2,243.15325942631,243.15325942631
2,2,298.772750641031,0,1,2,253.882190045659,253.882190045659
2,2,316.666867024187,0,1,2,270.193498611061,270.193498611061
2,2,334.183256093313,0,1,2,238.141019616266,238.141019616266
2,2,216.497039061246,0,1,2,270.725094680881,270.725094680881
2,2,256.502782929112,0,1,2,252.210048163912,252.210048163912
2,2,257.73128219068,0,1,2,237.70375552585,237.70375552585
2,2,321.662912191679,0,1,2,270.867493953497,270.867493953497
2,2,217.002632166164,0,1,2,233.658980214887,233.658980214887
2,2,263.234807058681,0,1,2,286.203985677491,286.203985677491
2,2,287.992544729719,0,2,2,298.590261263767,298.590261263767
2,2,351.446773156484,0,2,2,285.125483108155,285.125483108155
2,2,349.586445357958,0,2,2,278.155319115236,278.155319115236
2,2,340.678050236483,0,2,2,281.490010870137,281.490010870137
2,2,299.592191593643,0,2,2,309.459161336071,309.459161336071
2,2,301.756950322703,0,2,2,309.621959448612,309.621959448612
2,2,375.695023116259,0,2,2,292.051355315398,292.051355315398
2,2,377.514551746043,0,2,2,332.452114699881,332.452114699881
2,2,289.130396655162,0,2,2,309.348293944669,309.348293944669
2,2,354.120747789186,0,2,2,286.10918291899,286.10918291899
2,2,348.295012631202,0,3,2,390.594678325616,311.644690153417
2,2,428.188431181662,0,3,2,386.539567014048,308.40922900057
2,2,393.663455003845,0,3,2,439.585233564461,350.73289912058
2,2,212.713002548116,0,3,2,483.543183428548,385.805731458948
2,2,247.35423332625,0,3,2,490.964085536564,391.72666399194
2,2,324.67722548753,0,3,2,479.522039769908,382.597372156842
2,2,331.552887654075,0,3,2,470.126187408516,375.100681442965
2,2,366.397337312954,0,3,2,482.381346627263,384.878734011114
2,2,456.514563644952,0,3,2,475.907088961386,379.713102894723
2,2,272.76779378668,0,3,2,414.239499769178,330.510239177536
2,2,291.781572087485,0,4,2,397.799734105669,397.799734105669
2,2,331.864706383047,0,4,2,356.298955428468,356.298955428468
2,2,346.475607561113,0,4,2,397.797056628865,397.797056628865
2,2,365.435570428033,0,4,2,345.774954751579,345.774954751579
2,2,321.683455461298,0,4,2,345.542973478965,345.542973478965
2,2,289.259708394874,0,4,2,315.76045190407,315.76045190407
2,2,368.971602062298,0,4,2,407.322427663133,407.322427663133
2,2,323.265409537603,0,4,2,490.176504963758,490.176504963758
2,2,403.020452927021,0,4,2,397.59045668992,397.59045668992
2,2,266.006552721337,0,4,2,438.90453366097,438.90453366097
2,2,358.159791830554,0,5,2,451.109588542067,451.109588542067
2,2,292.351021426498,0,5,2,472.34900465968,472.34900465968
2,2,330.260238092691,0,5,2,360.170940477795,360.170940477795
2,2,346.016290763118,0,5,2,486.723685540659,486.723685540659
2,2,374.146826450439,0,5,2,380.252273225167,380.252273225167
2,2,353.007102670451,0,5,2,443.006252020518,443.006252020518
2,2,304.666895386151,0,5,2,520.42498315534,520.42498315534
2,2,363.233172401732,0,5,2,533.785734742036,533.785734742036
2,2,365.827470046396,0,5,2,418.897340514508,418.897340514508
2,2,323.696386928297,0,5,2,523.987280770275,523.987280770275
2,2,354.000836246134,0,5,3,437.634785684976,437.634785684976
2,2,323.556608728728,0,5,3,405.128424346996,405.128424346996
2,2,341.031860173591,0,5,3,438.615515118134,438.615515118134
2,2,375.318676905619,0,5,3,428.137298838122,428.137298838122
2,2,353.531522618274,0,5,3,371.541877005508,371.541877005508
2,2,347.657466506467,0,5,3,446.063352530959,446.063352530959
2,2,311.948571150641,0,5,3,427.080820060517,427.080820060517
2,2,392.376308372145,0,5,3,472.798582006192,472.798582006192
2,2,307.286399288815,0,5,3,409.051246991107,409.051246991107
2,2,325.330950309497,0,5,3,346.698023162497,346.698023162497
2,3,305.831769528952,0,1,1,298.92077173572,298.92077173572
2,3,435.31728445781,0,1,1,290.588062295902,290.588062295902
2,3,414.85966741569,0,1,1,327.687579103061,327.687579103061
2,3,288.155721572891,0,1,1,261.659090506671,261.659090506671
2,3,544.567741708878,0,1,1,289.095865679986,289.095865679986
2,3,405.105558034035,0,1,1,312.986885106424,312.986885106424
2,3,379.57760735313,0,1,1,267.534883520777,267.534883520777
2,3,371.498336141375,0,1,1,314.223121619632,314.223121619632
2,3,330.215569918515,0,1,1,296.555265911989,296.555265911989
2,3,378.069418772715,0,1,1,298.247168558301,298.247168558301
2,3,401.659324149983,0,2,1,357.605519754554,357.605519754554
2,3,453.448571364782,0,2,1,344.391631984806,344.391631984806
2,3,556.489767327562,0,2,1,384.091974894894,384.091974894894
2,3,451.540100648424,0,2,1,347.619600442922,347.619600442922
2,3,548.753229245637,0,2,1,491.728786908951,491.728786908951
2,3,530.73028413101,0,2,1,367.123832431615,367.123832431615
2,3,366.842639148329,0,2,1,334.959661400097,334.959661400097
2,3,409.951927724802,0,2,1,366.787812872786,366.787812872786
2,3,309.355466592964,0,2,1,391.325072135897,391.325072135897
2,3,326.966352518701,0,2,1,329.637135434678,329.637135434678
2,3,320.347411797781,0,3,1,590.229975609854,470.928172029138
2,3,348.577282088853,0,3,1,490.063940327192,391.008463027014
2,3,428.1473833766,0,3,1,592.794814878827,472.974586339489
2,3,451.899609438012,0,3,1,459.021127420368,366.240261239655
2,3,432.012034705349,0,3,1,542.971108294782,433.221628958603
2,3,335.511238146746,0,3,1,461.49538352487,368.214401748566
2,3,270.55134972256,0,3,1,545.327801631871,435.101969387131
2,3,509.172992164406,0,3,1,439.124834741573,350.365559634234
2,3,487.275266498141,0,3,1,485.859317101708,387.653710453491
2,3,456.348970080711,0,3,1,472.258408832281,376.80192194065
2,3,451.446553343099,0,4,1,434.673163203006,434.673163203006
2,3,392.034216187957,0,4,1,508.563643870785,508.563643870785
2,3,577.381776476316,0,4,1,544.120393880488,544.120393880488
2,3,366.615219479981,0,4,1,465.903508641003,465.903508641003
2,3,509.894634492456,0,4,1,419.304492467163,419.304492467163
2,3,478.452464369012,0,4,1,513.864017635427,513.864017635427
2,3,315.612585741549,0,4,1,563.473053780323,563.473053780323
2,3,521.424012039284,0,4,1,435.26484513203,435.26484513203
2,3,496.372929617118,0,4,1,435.580683228033,435.580683228033
2,3,387.845581200472,0,4,1,558.044815954658,558.044815954658
2,3,381.163464081483,0,5,1,494.673503164907,494.673503164907
2,3,436.038149618798,0,5,1,436.284041711562,436.284041711562
2,3,632.295566697682,0,5,1,513.780662156358,513.780662156358
2,3,596.289427010931,0,5,1,530.199633410129,530.199633410129
2,3,290.231164893159,0,5,1,543.666288700192,543.666288700192
2,3,582.404783326428,0,5,1,566.163351472594,566.163351472594
2,3,438.832766854613,0,5,1,576.707455596543,576.707455596543
2,3,425.212996626276,0,5,1,588.432864449208,588.432864449208
2,3,349.22612943915,0,5,1,494.155311634461,494.155311634461
2,3,317.103518037886,0,5,1,611.802679154868,611.802679154868
2,3,293.776092599855,0,1,2,269.050527879022,269.050527879022
2,3,371.039603854386,0,1,2,323.130766349321,323.130766349321
2,3,265.044372686131,0,1,2,330.804601913914,330.804601913914
2,3,299.448247103139,0,1,2,265.858547376554,265.858547376554
2,3,295.947875723161,0,1,2,284.206487527685,284.206487527685
2,3,259.23555811755,0,1,2,246.915198070761,246.915198070761
2,3,354.680366582669,0,1,2,279.766948003178,279.766948003178
2,3,333.943093275336,0,1,2,189.511875787275,189.511875787275
2,3,206.063597055385,0,1,2,291.874126066127,291.874126066127
2,3,314.571406762708,0,1,2,278.564207062049,278.564207062049
2,3,324.695622438046,0,2,2,303.661834295385,303.661834295385
2,3,356.320578318284,0,2,2,296.050019742882,296.050019742882
2,3,464.928007450745,0,2,2,359.473858232974,359.473858232974
2,3,309.350038866965,0,2,2,310.631758880497,310.631758880497
2,3,374.675349561051,0,2,2,351.0186718231,351.0186718231
2,3,369.041856535179,0,2,2,315.578299249251,315.578299249251
2,3,375.373790467576,0,2,2,397.901115833708,397.901115833708
2,3,388.154417047321,0,2,2,291.584529360922,291.584529360922
2,3,326.811866702475,0,2,2,386.229910926886,386.229910926886
2,3,376.897447119155,0,2,2,347.698153023405,347.698153023405
2,3,345.590272007852,0,3,2,489.784873468065,390.785803298988
2,3,299.677030817555,0,3,2,462.44514547594,368.972190539314
2,3,309.970082708503,0,3,2,476.481661341422,380.171538304326
2,3,306.808170728171,0,3,2,471.014313870977,375.809292982163
2,3,320.951951294638,0,3,2,431.089137397302,343.954098987209
2,3,438.996339613156,0,3,2,429.450324408918,342.646535432647
2,3,312.467673835066,0,3,2,370.380114680449,295.516048947167
2,3,405.832859664456,0,3,2,435.913442416649,347.803278523922
2,3,440.981320173352,1,3,2,505.392780498447,403.238920610462
2,3,327.338016130955,0,3,2,488.107012319899,389.447084297792
2,3,428.818407600184,0,4,2,376.421935807364,376.421935807364
2,3,437.505020458646,0,4,2,463.108246517242,463.108246517242
2,3,307.753443387985,0,4,2,436.1278071862,436.1278071862
2,3,313.520658203016,0,4,2,428.028133918393,428.028133918393
2,3,373.774958551235,0,4,2,447.461835897897,447.461835897897
2,3,398.507090518936,0,4,2,402.244105004833,402.244105004833
2,3,397.307809459233,0,4,2,447.716701084278,447.716701084278
2,3,450.528288082248,0,4,2,404.697970743393,404.697970743393
2,3,338.173289481931,0,4,2,447.193695305351,447.193695305351
2,3,289.354934615426,0,4,2,468.766396607672,468.766396607672
2,3,433.798628898577,0,5,2,374.312027029539,374.312027029539
2,3,435.183612131638,0,5,2,510.317622881711,510.317622881711
2,3,319.055361470229,0,5,2,510.561399969329,510.561399969329
2,3,414.09311101289,0,5,2,517.294264271952,517.294264271952
2,3,533.750849955989,0,5,2,435.472922875092,435.472922875092
2,3,367.583911329832,0,5,2,552.21661552957,552.21661552957
2,3,324.924213716736,0,5,2,529.88912493638,529.88912493638
2,3,377.292054677095,0,5,2,458.204710301396,458.204710301396
2,3,355.430167768197,0,5,2,448.432997394791,448.432997394791
2,3,503.153237403092,0,5,2,538.846502008357,538.846502008357
2,3,317.445756751196,0,1,3,300.742093110671,300.742093110671
2,3,348.375944436158,0,1,3,236.220090751037,236.220090751037
2,3,335.53244440116,0,1,3,241.726043914614,241.726043914614
2,3,260.319331187924,0,1,3,253.793531992546,253.793531992546
2,3,330.643048926747,0,1,3,247.828207172751,247.828207172751
2,3,427.496663758233,0,1,3,277.946085132082,277.946085132082
2,3,419.115802830125,0,1,3,301.33288274552,301.33288274552
2,3,270.514546818202,0,1,3,281.401174021307,281.401174021307
2,3,293.180571344432,0,1,3,221.659450806153,221.659450806153
2,3,317.405788509721,0,1,3,294.089385868501,294.089385868501
2,3,290.211228050846,0,2,3,368.245124370861,368.245124370861
2,3,282.801365044282,0,2,3,345.654879942118,345.654879942118
2,3,332.007813713063,0,2,3,349.429295432166,349.429295432166
2,3,350.316886856583,0,2,3,244.333529567999,244.333529567999
2,3,372.51833276943,0,2,3,285.912960387961,285.912960387961
2,3,301.296670823471,0,2,3,357.916100428321,357.916100428321
2,3,353.451844335882,0,2,3,409.341622008678,409.341622008678
2,3,273.621644566258,0,2,3,288.272578649427,288.272578649427
2,3,257.360810655603,0,2,3,291.973959741959,291.973959741959
2,3,315.830861163595,0,2,3,240.104880080269,240.104880080269
2,3,389.676045995873,0,3,3,407.754404295226,325.33596087385
2,3,340.264885473212,0,3,3,486.183769266271,387.912581861387
2,3,302.163372633985,0,3,3,464.471186481752,370.588712618419
2,3,311.787914847882,0,3,3,369.535487979954,294.842144664858
2,3,265.368344174176,0,3,3,488.829946668064,390.023893618137
2,3,332.365482216066,0,3,3,448.297348070657,357.684054311694
2,3,343.329870317256,0,3,3,457.809979453586,365.273919776797
2,3,323.807418922798,0,3,3,492.132072353656,392.658568367279
2,3,343.774476249193,0,3,3,455.386069498031,363.339949067578
2,3,322.153562902059,0,3,3,430.688123887167,343.634141399335
2,3,413.414057742567,0,4,3,412.754541248598,412.754541248598
2,3,427.146503370465,0,4,3,432.567626419823,432.567626419823
2,3,400.196127625517,0,4,3,408.655976353318,408.655976353318
2,3,285.325250397531,0,4,3,426.949371840149,426.949371840149
2,3,319.003190554163,0,4,3,443.446890447349,443.446890447349
2,3,355.198971622185,0,4,3,437.645333033191,437.645333033191
2,3,299.746949937642,0,4,3,303.250841871095,303.250841871095
2,3,412.748499583737,0,4,3,437.275877817627,437.275877817627
2,3,269.66838399982,0,4,3,435.645907701334,435.645907701334
2,3,377.467027784882,0,4,3,362.042494879751,362.042494879751
2,3,408.768269011598,0,5,3,390.891113652057,390.891113652057
2,3,302.405924249541,0,5,3,426.644255194358,426.644255194358
2,3,349.293993294959,0,5,3,435.985666328439,435.985666328439
2,3,356.155945394038,0,5,3,438.466282990321,438.466282990321
2,3,357.12081722211,0,5,3,461.226208966276,461.226208966276
2,3,343.652163095683,0,5,3,491.919354820079,491.919354820079
2,3,329.524005794655,0,5,3,453.092730926143,453.092730926143
2,3,282.945886839031,0,5,3,461.067107267085,461.067107267085
2,3,325.997727315731,0,5,3,438.563405793576,438.563405793576
2,3,314.266417632175,0,5,3,475.172781867493,475.172781867493
3,1,344.670221778866,0,1,2,260.748222706916,260.748222706916
3,1,267.38726989354,0,1,2,292.862419988996,292.862419988996
3,1,273.134713349743,0,1,2,336.666529205977,336.666529205977
3,1,248.600942573553,0,1,2,299.982959575498,299.982959575498
3,1,256.073191370928,0,1,2,273.527048510227,273.527048510227
3,1,275.171979727455,0,1,2,260.972455335157,260.972455335157
3,1,374.994207629684,0,1,2,275.607766614956,275.607766614956
3,1,286.477624912025,0,1,2,245.846180957094,245.846180957094
3,1,222.610894005411,0,1,2,235.966362630068,235.966362630068
3,1,188.954750210827,0,1,2,299.44877739014,299.44877739014
3,1,327.044554484271,0,2,2,298.742687441473,298.742687441473
3,1,344.761609161204,0,2,2,346.820890454851,346.820890454851
3,1,345.03765815397,0,2,2,371.637597304921,371.637597304921
3,1,377.639549170492,0,2,2,339.49698695087,339.49698695087
3,1,350.561535027384,0,2,2,309.589090052198,309.589090052198
3,1,347.529525142597,0,2,2,317.553256647889,317.553256647889
3,1,373.418440116671,0,2,2,319.542016766795,319.542016766795
3,1,336.548040917831,0,2,2,305.595898820008,305.595898820008
3,1,368.8717533082,0,2,2,362.117836744554,362.117836744554
3,1,274.435106634984,0,2,2,323.685611266387,323.685611266387
3,1,335.487599999642,0,4,2,475.633113355147,475.633113355147
3,1,413.56223786579,0,4,2,402.6847906064,402.6847906064
3,1,374.865310447397,0,4,2,417.922586056181,417.922586056181
3,1,341.228204576156,0,4,2,500.182665773317,500.182665773317
3,1,460.509962194711,0,4,2,396.820526112667,396.820526112667
3,1,397.672362174435,0,4,2,462.035733246049,462.035733246049
3,1,370.890155444123,0,4,2,549.998822387349,549.998822387349
3,1,408.515825999806,0,4,2,426.877761236243,426.877761236243
3,1,393.424500279988,0,4,2,443.329150485853,443.329150485853
3,1,299.491143447733,0,4,2,386.473440646626,386.473440646626
3,1,384.959010746556,0,5,2,452.620916876262,452.620916876262
3,1,314.143018074032,0,5,2,391.10391025144,391.10391025144
3,1,440.079180195297,0,5,2,452.991181125084,452.991181125084
3,1,406.941009823827,0,5,2,410.533325828572,410.533325828572
3,1,348.095058256758,0,5,2,469.087924155089,469.087924155089
3,1,464.491434629956,0,5,2,409.658658598948,409.658658598948
3,1,421.332113638426,0,5,2,540.386582660202,540.386582660202
3,1,417.166794777398,0,5,2,578.941116547144,578.941116547144
3,1,436.52133817437,0,5,2,529.335452250459,529.335452250459
3,1,435.2443352975,0,5,2,396.058812595432,396.058812595432
3,1,356.78525171404,0,5,3,477.212340712093,477.212340712093
3,1,259.020411594033,0,5,3,471.824348256355,471.824348256355
3,1,291.698878356069,0,5,3,443.100354581966,443.100354581966
3,1,331.269594488616,0,5,3,453.459567745889,453.459567745889
3,1,364.674720801814,0,5,3,446.312141384412,446.312141384412
3,1,230.970339033106,0,5,3,403.000260875558,403.000260875558
3,1,230.518745466382,0,5,3,352.970574760664,352.970574760664
3,1,706.692242756223,1,5,3,283.997293618418,283.997293618418
3,1,712.142323554126,1,5,3,291.006983352741,291.006983352741
3,1,268.893203443349,0,5,3,386.794709053823,386.794709053823
3,2,301.091001363635,0,3,1,488.833920655633,390.027064352899
3,2,353.136273893047,0,3,1,571.376422826711,455.885443744716
3,2,359.50804602355,0,3,1,565.456792423101,451.162334380134
3,2,414.195960336186,0,3,1,523.993848431446,418.080198216579
3,2,329.221226121659,0,3,1,442.271788970731,352.876427370264
3,2,296.982162222755,0,3,1,406.352166858046,324.217154408015
3,2,458.575447257347,0,3,1,556.099697089451,443.696566826689
3,2,446.802481569246,0,3,1,351.974797371832,280.830955349866
3,2,584.367611972969,0,3,1,535.080384250276,426.925838497561
3,2,585.669636066443,0,3,1,390.906914261398,311.893814570264
3,2,350.444270669237,0,1,2,238.944742737759,238.944742737759
3,2,303.330796115766,0,1,2,223.495263707743,223.495263707743
3,2,291.509175515228,0,1,2,288.771441739689,288.771441739689
3,2,307.868103241451,0,1,2,251.34625039134,251.34625039134
3,2,209.236858973876,1,1,2,307.247319329914,307.247319329914
3,2,333.86470807402,0,1,2,218.778047870189,218.778047870189
3,2,298.917935993875,0,1,2,233.780359954004,233.780359954004
3,2,301.137447675628,0,1,2,282.185895676243,282.185895676243
3,2,336.969944710406,0,1,2,246.322665133828,246.322665133828
3,2,293.937680594361,0,1,2,241.926199097956,241.926199097956
3,2,230.110721340198,0,2,2,343.188102421494,343.188102421494
3,2,248.012294905859,0,2,2,301.180164151844,301.180164151844
3,2,194.613454144579,0,2,2,263.882999243649,263.882999243649
3,2,340.37993980708,0,2,2,242.869395503285,242.869395503285
3,2,239.003527251334,0,2,2,285.243078516771,285.243078516771
3,2,352.34816068991,0,2,2,229.764828142064,229.764828142064
3,2,267.394482232989,0,2,2,280.09036261716,280.09036261716
3,2,288.01932886658,0,2,2,224.180687696329,224.180687696329
3,2,273.977548146291,0,2,2,318.219019887746,318.219019887746
3,2,340.005012950076,0,2,2,321.617675848081,321.617675848081
3,2,408.061079908354,0,3,2,448.098968210173,357.525772508117
3,2,329.06985171836,0,3,2,463.54020545035,369.845908604003
3,2,232.110451684144,0,3,2,530.9005108397,423.590833116782
3,2,342.124749012961,0,3,2,315.895712299752,252.044451302993
3,2,275.742662428382,0,3,2,487.67361324925,389.101287166955
3,2,348.30135295815,0,3,2,418.740043178305,334.101098280563
3,2,327.03813752082,0,3,2,430.806483138576,343.728576972268
3,2,378.455690132118,0,3,2,346.633544912463,276.569317749305
3,2,369.183374561572,0,3,2,468.507867414042,373.809468681417
3,2,284.457910932694,0,3,2,477.762395992325,381.193401057706
3,2,357.231656361921,0,4,2,322.532426663547,322.532426663547
3,2,272.098439680625,0,4,2,381.91213662773,381.91213662773
3,2,194.831536594447,0,4,2,421.872799367872,421.872799367872
3,2,321.91583863169,0,4,2,442.142277106865,442.142277106865
3,2,439.511938369519,0,4,2,350.982194958516,350.982194958516
3,2,396.094257549848,0,4,2,338.990102293948,338.990102293948
3,2,380.719410161871,0,4,2,351.88272366676,351.88272366676
3,2,388.039291234258,0,4,2,345.043754276011,345.043754276011
3,2,353.972904789314,0,4,2,358.524183249772,358.524183249772
3,2,282.996500440983,0,4,2,436.007662337278,436.007662337278
3,2,311.18069485507,0,5,2,448.895414909817,448.895414909817
3,2,324.42925931119,0,5,2,424.024051765599,424.024051765599
3,2,417.134126863502,0,5,2,391.560143920154,391.560143920154
3,2,373.887764109674,0,5,2,410.09803546668,410.09803546668
3,2,296.691729639145,0,5,2,403.815442186826,403.815442186826
3,2,363.827122494729,0,5,2,483.418526368209,483.418526368209
3,2,202.7046894908,0,5,2,438.181065271145,438.181065271145
3,2,322.309700842348,0,5,2,446.918012193222,446.918012193222
3,2,367.469612984588,0,5,2,415.901010876077,415.901010876077
3,2,200.493853981721,0,5,2,424.512606128095,424.512606128095
3,2,360.289972370027,0,5,3,393.219483927868,393.219483927868
3,2,301.623468738232,0,5,3,492.757012699235,492.757012699235
3,2,282.746857122842,0,5,3,361.772046947764,361.772046947764
3,2,335.428783439469,0,5,3,500.919539399557,500.919539399557
3,2,232.378101061454,0,5,3,463.113252009732,463.113252009732
3,2,317.412668420824,0,5,3,414.283853879019,414.283853879019
3,2,357.70657125698,0,5,3,451.63220692064,451.63220692064
3,2,350.804565792727,0,5,3,404.498839933903,404.498839933903
3,2,419.680474763389,0,5,3,381.230151396744,381.230151396744
3,2,273.034933246206,0,5,3,458.932812247545,458.932812247545
3,3,266.359176941683,0,1,1,245.347834551237,245.347834551237
3,3,259.774765640785,0,1,1,297.241302769909,297.241302769909
3,3,302.390727443341,0,1,1,189.740006925484,189.740006925484
3,3,208.562626350343,0,1,1,283.634637408779,283.634637408779
3,3,281.981794235199,0,1,1,288.664940451108,288.664940451108
3,3,315.540153050196,0,1,1,233.585294236449,233.585294236449
3,3,297.97616265768,0,1,1,277.273056674193,277.273056674193
3,3,406.490759167265,0,1,1,197.267609813948,197.267609813948
3,3,188.364867353815,0,1,1,284.219721161971,284.219721161971
3,3,245.539879660209,0,1,1,187.708517569918,187.708517569918
3,3,362.293996233824,0,2,1,306.080253217426,306.080253217426
3,3,342.64535818444,0,2,1,295.231637192665,295.231637192665
3,3,379.868674011348,0,2,1,328.238462766861,328.238462766861
3,3,369.139820921207,0,2,1,308.143690181566,308.143690181566
3,3,373.696001739578,0,2,1,263.670209880431,263.670209880431
3,3,300.780069390309,0,2,1,347.389493461647,347.389493461647
3,3,310.128573183176,0,2,1,308.77281128483,308.77281128483
3,3,334.69459361844,0,2,1,274.346358928436,274.346358928436
3,3,313.906173041056,0,2,1,337.252236443343,337.252236443343
3,3,366.858104684337,0,2,1,290.824712353952,290.824712353952
3,3,294.707252510987,0,3,1,478.905282461715,382.105278559879
3,3,320.059411186357,0,3,1,439.687119366572,350.814190983967
3,3,419.289335513983,0,3,1,448.326528492062,357.707336562816
3,3,401.384534450192,0,3,1,445.262665304032,355.262764870238
3,3,407.893779066622,0,3,1,523.295455895368,417.522970129283
3,3,-45.1233093563401,1,3,1,467.30272326724,372.847917500457
3,3,331.230028053817,0,3,1,419.44129073024,334.660604306043
3,3,353.798563446471,0,3,1,430.20573372509,343.249255631721
3,3,420.912985583792,0,3,1,443.762960444728,354.066191844198
3,3,394.861156998831,0,3,1,453.310424241369,361.683849128752
3,3,516.429023810761,0,4,1,471.057179292993,471.057179292993
3,3,426.799351694602,0,4,1,448.483319649451,448.483319649451
3,3,387.550322109143,0,4,1,449.975520876689,449.975520876689
3,3,389.256596545773,0,4,1,400.057464013793,400.057464013793
3,3,447.868247310755,0,4,1,438.768162357852,438.768162357852
3,3,473.414404867601,0,4,1,430.740441494493,430.740441494493
3,3,238.309144030544,0,4,1,628.812461455299,628.812461455299
3,3,372.400801484686,0,4,1,498.901249646908,498.901249646908
3,3,471.498325698409,0,4,1,310.449988308313,310.449988308313
3,3,393.328983882275,0,4,1,431.182794826086,431.182794826086
3,3,378.915707554769,0,5,1,390.19460018407,390.19460018407
3,3,331.370162367484,0,5,1,492.322281166788,492.322281166788
3,3,288.356466707406,0,5,1,468.54755718793,468.54755718793
3,3,311.953729129555,0,5,1,442.557716647905,442.557716647905
3,3,238.414769053955,0,5,1,518.858447284304,518.858447284304
3,3,342.186251447843,0,5,1,433.799814328717,433.799814328717
3,3,-293.420234860351,1,5,1,434.614467169145,434.614467169145
3,3,444.863811875428,0,5,1,528.28334600459,528.28334600459
3,3,-397.11460001135,1,5,1,371.690716986529,371.690716986529
3,3,352.708091542,0,5,1,399.152298032028,399.152298032028
3,3,252.456560323602,0,1,2,198.362336666454,198.362336666454
3,3,244.322156188654,0,1,2,237.277717421435,237.277717421435
3,3,239.404956157247,0,1,2,225.256736502876,225.256736502876
3,3,204.868095701275,0,1,2,247.75892307555,247.75892307555
3,3,340.414803499036,0,1,2,234.881973511454,234.881973511454
3,3,242.646262241522,0,1,2,285.941945781307,285.941945781307
3,3,225.716469606127,0,1,2,213.155387557202,213.155387557202
3,3,321.038471457445,0,1,2,254.980878317034,254.980878317034
3,3,314.388841044782,0,1,2,228.942283313408,228.942283313408
3,3,190.166803897095,0,1,2,282.294026479625,282.294026479625
3,3,231.352364809996,0,2,2,286.33003197001,286.33003197001
3,3,437.59548946257,0,2,2,252.534724081491,252.534724081491
3,3,302.48091627985,0,2,2,306.931834997789,306.931834997789
3,3,288.683933405859,0,2,2,282.715181852927,282.715181852927
3,3,301.143537140829,0,2,2,307.37451522261,307.37451522261
3,3,336.208200494857,0,2,2,368.409025817544,368.409025817544
3,3,309.070437371004,0,2,2,272.768912925749,272.768912925749
3,3,277.507398414981,0,2,2,273.437668661524,273.437668661524
3,3,268.598776529714,0,2,2,287.869543760221,287.869543760221
3,3,341.333292974947,0,2,2,274.12614073121,274.12614073121
3,3,278.623104359502,0,3,2,439.331848737515,350.530730375677
3,3,360.082820542326,0,3,2,392.528600161687,313.187712894963
3,3,323.568875865526,0,3,2,377.60845605892,301.283342600202
3,3,331.599320672448,0,3,2,398.917163518359,318.284970892307
3,3,403.564028452867,0,3,2,414.743074759278,330.912027733467
3,3,239.721525910768,0,3,2,415.03806775452,331.147394484989
3,3,380.674776865948,0,3,2,453.679595564823,361.978400716614
3,3,332.084546705736,0,3,2,383.79100647694,306.216228572026
3,3,351.210477801791,0,3,2,413.896970532172,330.236944573542
3,3,295.371498496438,0,3,2,416.236788481255,332.103820596746
3,3,329.905949717408,0,4,2,406.103618374883,406.103618374883
3,3,318.720956561042,0,4,2,360.537631909952,360.537631909952
3,3,430.606212602665,0,4,2,422.93576147673,422.93576147673
3,3,363.963452340402,0,4,2,376.259022071842,376.259022071842
3,3,379.226951518114,0,4,2,371.944378133365,371.944378133365
3,3,366.542383168353,0,4,2,387.597243690332,387.597243690332
3,3,315.812174596945,0,4,2,287.230498703681,287.230498703681
3,3,353.417267816526,0,4,2,320.071959588431,320.071959588431
3,3,345.207115806255,0,4,2,404.659116377399,404.659116377399
3,3,340.207748110478,0,4,2,359.308588507735,359.308588507735
3,3,296.979960826883,0,5,2,437.61153105083,437.61153105083
3,3,393.712223497237,0,5,2,405.652778608632,405.652778608632
3,3,402.263586921841,0,5,2,414.381743665215,414.381743665215
3,3,394.340011269961,0,5,2,395.162387954705,395.162387954705
3,3,324.934049078607,0,5,2,437.934897550209,437.934897550209
3,3,362.611242317206,0,5,2,487.451084447265,487.451084447265
3,3,365.239322122766,0,5,2,397.529186415114,397.529186415114
3,3,367.960177661859,0,5,2,407.869834902311,407.869834902311
3,3,310.11790495155,0,5,2,420.803713578967,420.803713578967
3,3,305.045517344917,0,5,2,466.35659718882,466.35659718882
3,3,261.345509606449,0,1,3,231.101412410078,231.101412410078
3,3,228.223570396472,0,1,3,278.883950099414,278.883950099414
3,3,244.995982210928,0,1,3,210.42523152362,210.42523152362
3,3,277.919670368294,0,1,3,222.186892711606,222.186892711606
3,3,307.701091746996,0,1,3,219.87971303641,219.87971303641
3,3,451.052723140811,1,1,3,300.204758080349,300.204758080349
3,3,256.789545335643,0,1,3,199.633694960602,199.633694960602
3,3,292.614843863716,0,1,3,222.149394742085,222.149394742085
3,3,211.368928775372,0,1,3,267.911040221439,267.911040221439
3,3,248.301503236473,0,1,3,230.574570074918,230.574570074918
3,3,232.738916113999,0,2,3,257.649784736205,257.649784736205
3,3,332.327868056604,0,2,3,278.9452851796,278.9452851796
3,3,299.53478726049,0,2,3,298.825915214508,298.825915214508
3,3,376.43054016792,0,2,3,299.009954831603,299.009954831603
3,3,290.139424394471,0,2,3,273.66781479799,273.66781479799
3,3,262.662242927139,0,2,3,245.242838894219,245.242838894219
3,3,305.69720606478,0,2,3,250.519143631132,250.519143631132
3,3,330.754353747026,0,2,3,260.40669214082,260.40669214082
3,3,224.269545488523,0,2,3,229.999248214623,229.999248214623
3,3,229.456505195229,0,2,3,259.726616413132,259.726616413132
3,3,340.394725963551,0,3,3,429.352648700887,342.568602686878
3,3,325.362888008821,0,3,3,452.227074826223,360.819474595391
3,3,325.131074110248,0,3,3,407.354460250251,325.016856582647
3,3,333.795144169515,0,3,3,389.040582227049,310.404719862007
3,3,292.339148978651,0,3,3,372.890538780401,297.519046899256
3,3,256.469246161511,0,3,3,295.12944604131,235.475621841471
3,3,226.306972961547,0,3,3,404.040284022342,322.372567039103
3,3,310.86867013021,0,3,3,406.099107881338,324.015245650004
3,3,238.884074860276,0,3,3,378.585726673545,302.063079792722
3,3,270.775201559749,0,3,3,441.205710446381,352.025832802964
3,3,325.386638091522,0,4,3,355.631635057624,355.631635057624
3,3,303.982477123604,0,4,3,361.271244901974,361.271244901974
3,3,266.550004429092,0,4,3,404.583885973965,404.583885973965
3,3,299.235855709311,0,4,3,346.975514703888,346.975514703888
3,3,263.126201558612,0,4,3,302.325046120867,302.325046120867
3,3,203.044196555319,0,4,3,277.34879630356,277.34879630356
3,3,366.431819818703,0,4,3,355.935245688155,355.935245688155
3,3,175.767308716884,0,4,3,331.357104776362,331.357104776362
3,3,244.38887330894,0,4,3,305.521820475754,305.521820475754
3,3,221.320840238356,0,4,3,311.257690726566,311.257690726566
3,3,275.652690648817,0,5,3,360.751196649216,360.751196649216
3,3,312.956721436563,0,5,3,344.62370953039,344.62370953039
3,3,321.382340546094,0,5,3,394.5914186584,394.5914186584
3,3,308.877896262715,0,5,3,383.385261035021,383.385261035021
3,3,338.739026431015,0,5,3,387.239660232755,387.239660232755
3,3,350.664698617898,0,5,3,327.289209374017,327.289209374017
3,3,378.578868033858,0,5,3,414.735632243985,414.735632243985
3,3,247.226996920885,0,5,3,418.196170846129,418.196170846129
3,3,338.220871928871,0,5,3,416.435270235407,416.435270235407
3,3,331.136232936897,0,5,3,388.576899580724,388.576899580724
4,1,1777.2009252613,0,1,2,849.32363186486,849.32363186486
4,1,1743.89215106373,0,1,2,1005.53829019421,1005.53829019421
4,1,1786.40433114324,0,1,2,976.652357985561,976.652357985561
4,1,1961.57041416178,0,1,2,1057.39468333943,1057.39468333943
4,1,1656.10753839588,0,1,2,1001.19518929933,1001.19518929933
4,1,1327.61360330051,0,1,2,785.367043049452,785.367043049452
4,1,1306.91332812279,0,1,2,780.553586712721,780.553586712721
4,1,1424.63176783645,0,1,2,886.630878117421,886.630878117421
4,1,1902.58773037991,0,1,2,924.727289761272,924.727289761272
4,1,1644.88000620253,0,1,2,969.274813278706,969.274813278706
4,1,1533.03812388217,0,2,2,993.969229081698,993.969229081698
4,1,2132.3400757869,0,2,2,1306.13731407408,1306.13731407408
4,1,2032.41219849077,0,2,2,1196.72882065351,1196.72882065351
4,1,1518.52770946349,0,2,2,877.402945912195,877.402945912195
4,1,1638.80916706643,0,2,2,1125.49647904349,1125.49647904349
4,1,1686.5984137538,0,2,2,1173.04030321922,1173.04030321922
4,1,1846.85619887093,0,2,2,1100.60888687498,1100.60888687498
4,1,1649.43880568736,0,2,2,1065.35712293223,1065.35712293223
4,1,1934.66454001163,0,2,2,1073.47970433869,1073.47970433869
4,1,1455.83803601502,0,2,2,1046.13394227368,1046.13394227368
4,1,1850.4621784951,0,4,2,1308.65671917614,1308.65671917614
4,1,2090.34221671371,0,4,2,1493.83479158812,1493.83479158812
4,1,1894.83398532863,0,4,2,1403.91247472681,1403.91247472681
4,1,1852.12001094209,0,4,2,1615.85040336805,1615.85040336805
4,1,1607.73837416733,0,4,2,1140.78968599303,1140.78968599303
4,1,1798.12355675536,0,4,2,1393.17104336283,1393.17104336283
4,1,1861.86874004666,0,4,2,1544.43718372162,1544.43718372162
4,1,1881.1425387471,0,4,2,1697.19941959359,1697.19941959359
4,1,1695.50321369909,0,4,2,1344.38399103295,1344.38399103295
4,1,1697.01458851841,0,4,2,1420.83580145479,1420.83580145479
4,1,1616.46953459749,0,5,2,1437.41834847751,1437.41834847751
4,1,1717.20374687386,0,5,2,1736.6419571724,1736.6419571724
4,1,1815.470534,0,5,2,1551.56772638459,1551.56772638459
4,1,1325.90178836597,0,5,2,1556.9228889535,1556.9228889535
4,1,1785.91567482503,0,5,2,1451.39608873666,1451.39608873666
4,1,1473.72463775683,0,5,2,1267.78829141421,1267.78829141421
4,1,1564.88621088218,0,5,2,1483.66235783304,1483.66235783304
4,1,1929.31314104974,0,5,2,1808.46806526086,1808.46806526086
4,1,1769.93623721224,0,5,2,1760.34441622699,1760.34441622699
4,1,1892.29861388166,0,5,2,1623.71550647303,1623.71550647303
4,1,813.272740755648,0,5,3,883.696267388073,883.696267388073
4,1,1782.18969832298,1,5,3,1139.9831107234,1139.9831107234
4,1,1203.8319657877,0,5,3,937.314969963437,937.314969963437
4,1,1084.73655880351,0,5,3,952.606640820024,952.606640820024
4,1,1165.06566551812,0,5,3,951.170543351459,951.170543351459
4,1,825.953867387017,0,5,3,722.776065697596,722.776065697596
4,1,1026.8290228435,0,5,3,1028.85435185746,1028.85435185746
4,1,1046.84389807801,0,5,3,1131.06359487525,1131.06359487525
4,1,1651.71355899029,1,5,3,1004.92487690489,1004.92487690489
4,1,1160.36074921989,0,5,3,1142.9144257138,1142.9144257138
4,2,-139.162367824959,0,3,1,1780.2264762426,1420.39346508718
4,2,414.613383971447,0,3,1,1774.06485490442,1415.47727784927
4,2,1066.43210944876,0,3,1,1438.5982392135,1147.81774405332
4,2,635.877583581145,0,3,1,1525.34923729175,1217.03396592426
4,2,1043.3434784023,0,3,1,1424.42582721258,1136.50996852068
4,2,1150.11993627614,0,3,1,1292.01178459221,1030.86046642996
4,2,744.174803874893,0,3,1,1389.8601437804,1108.93096578223
4,2,719.847932045335,0,3,1,1320.80914325076,1053.83708238093
4,2,425.912782595924,0,3,1,1416.67863572483,1130.32869871662
4,2,274.948346280166,0,3,1,1605.13049383585,1280.6892238052
4,2,1212.06544746468,0,1,2,659.527284916148,659.527284916148
4,2,1854.16351743982,0,1,2,926.868936888233,926.868936888233
4,2,1898.06371470272,0,1,2,901.578998168397,901.578998168397
4,2,1728.25155167961,0,1,2,1028.8731761808,1028.8731761808
4,2,1470.64149512279,0,1,2,901.344458005203,901.344458005203
4,2,1537.90116749789,0,1,2,908.761781012554,908.761781012554
4,2,1571.70304537607,0,1,2,857.501832509507,857.501832509507
4,2,1691.20929323141,0,1,2,893.597295384183,893.597295384183
4,2,1654.85595612248,0,1,2,999.815068607258,999.815068607258
4,2,1260.56296481675,0,1,2,829.036388967891,829.036388967891
4,2,2225.6009241989,0,2,2,1278.27966903594,1278.27966903594
4,2,1875.76755675442,0,2,2,975.289875608601,975.289875608601
4,2,1923.29166583725,0,2,2,1201.38838387471,1201.38838387471
4,2,2065.36538178757,0,2,2,1265.41210077656,1265.41210077656
4,2,1599.80531206449,0,2,2,1252.00590903349,1252.00590903349
4,2,1588.66094887016,0,2,2,924.643526003965,924.643526003965
4,2,1630.62579952288,0,2,2,982.000467475548,982.000467475548
4,2,1370.39916766339,0,2,2,838.468417592315,838.468417592315
4,2,1694.22562712034,0,2,2,1155.00489396154,1155.00489396154
4,2,1659.09660760745,0,2,2,1216.33105255116,1216.33105255116
4,2,1412.32899537918,0,3,2,1912.8126501262,1526.18030595175
4,2,1578.04192142409,0,3,2,1525.87555900141,1217.45390345857
4,2,2031.34661794297,0,3,2,1488.37813290576,1187.5357443397
4,2,1802.76720379473,0,3,2,1557.55048879712,1242.72645382749
4,2,1787.59025283641,0,3,2,1843.29029613488,1470.71034266081
4,2,1355.68027432521,0,3,2,1068.04743263349,852.165504760764
4,2,1753.57828592475,0,3,2,1526.64238081379,1218.0657293727
4,2,1925.59722096542,0,3,2,1549.97229828529,1236.68002522763
4,2,1747.43666145928,0,3,2,1480.27884764269,1181.07354865108
4,2,1748.99433429988,0,3,2,1758.11038584513,1402.74764828069
4,2,1973.02875239297,0,4,2,1660.19624274949,1660.19624274949
4,2,1929.3110555876,0,4,2,1527.77084509347,1527.77084509347
4,2,1856.12203666666,0,4,2,1394.47667795403,1394.47667795403
4,2,1844.14133095151,0,4,2,1662.70435718315,1662.70435718315
4,2,1694.10411572367,0,4,2,1341.40477239005,1341.40477239005
4,2,1554.51661101829,0,4,2,1160.36873528775,1160.36873528775
4,2,1826.72286068628,0,4,2,1367.27609866104,1367.27609866104
4,2,1882.26281734584,0,4,2,1416.18507434502,1416.18507434502
4,2,1798.9023609296,0,4,2,1187.30738121618,1187.30738121618
4,2,1741.63510847569,0,4,2,1334.84855385347,1334.84855385347
4,2,1966.91346665157,0,5,2,1921.36332827724,1921.36332827724
4,2,2073.46760725974,0,5,2,1738.13527597134,1738.13527597134
4,2,2034.51504143432,0,5,2,1548.9979731848,1548.9979731848
4,2,1790.19396038685,0,5,2,1496.80510647023,1496.80510647023
4,2,1852.62554043095,0,5,2,1480.10480626477,1480.10480626477
4,2,1968.57393862967,0,5,2,1275.62643057238,1275.62643057238
4,2,1416.92113855594,0,5,2,1186.45088203228,1186.45088203228
4,2,2128.68656343458,0,5,2,1767.54227887864,1767.54227887864
4,2,1525.40047380613,0,5,2,1690.51040721258,1690.51040721258
4,2,1797.29370237593,0,5,2,1679.81135034418,1679.81135034418
4,2,2004.95013370409,0,5,3,965.658012734208,965.658012734208
4,2,2399.03568516895,1,5,3,1035.61996395495,1035.61996395495
4,2,1159.09494367128,0,5,3,949.042395393014,949.042395393014
4,2,1418.45995096868,0,5,3,1017.0525640202,1017.0525640202
4,2,914.719055899356,0,5,3,735.634430544651,735.634430544651
4,2,1045.58709309948,0,5,3,864.249502119776,864.249502119776
4,2,1260.05992449011,0,5,3,959.008464988082,959.008464988082
4,2,1200.71052618485,0,5,3,968.318623487502,968.318623487502
4,2,1231.53770123483,0,5,3,906.299399515195,906.299399515195
4,2,1582.29128997609,0,5,3,944.909646153029,944.909646153029
4,3,183.137436461169,0,1,1,848.190358851796,848.190358851796
4,3,-288.77840386287,0,1,1,819.84112832147,819.84112832147
4,3,-456.01907103644,0,1,1,928.474733721581,928.474733721581
4,3,-865.572275762163,0,1,1,882.614016349902,882.614016349902
4,3,191.948270912882,0,1,1,745.244249796045,745.244249796045
4,3,-449.751897583994,0,1,1,837.141473749323,837.141473749323
4,3,212.233765302412,0,1,1,784.527997796944,784.527997796944
4,3,-745.74166011324,0,1,1,791.487029561254,791.487029561254
4,3,-674.713806030076,0,1,1,809.751630605452,809.751630605452
4,3,173.44349561749,0,1,1,731.173905236264,731.173905236264
4,3,98.6144128271186,0,2,1,960.014334522892,960.014334522892
4,3,-163.119336029437,0,2,1,981.325102270296,981.325102270296
4,3,-492.293516532795,0,2,1,1110.65764576339,1110.65764576339
4,3,-497.803658458991,0,2,1,1033.76026214625,1033.76026214625
4,3,-100.004733900111,0,2,1,917.045910585657,917.045910585657
4,3,-879.339066684995,0,2,1,1039.56990383897,1039.56990383897
4,3,188.702955715311,0,2,1,779.147280821372,779.147280821372
4,3,-227.160827229009,0,2,1,868.742135486626,868.742135486626
4,3,-862.233163166227,0,2,1,1070.22589687373,1070.22589687373
4,3,-1226.11673816125,0,2,1,1067.91355290256,1067.91355290256
4,3,161.12376382907,0,3,1,1453.88691650225,1160.01615678371
4,3,222.387954374197,0,3,1,1492.17914798999,1190.56846914095
4,3,222.678763756271,0,3,1,1505.79230472746,1201.43003036766
4,3,455.956498879854,0,3,1,1325.69684774044,1057.73684660142
4,3,-626.858280363712,0,3,1,1704.12702396425,1359.67581699275
4,3,-372.286676251002,0,3,1,1524.65032371121,1216.47632211
4,3,-228.752776788889,0,3,1,1381.43471420406,1102.20854856707
4,3,-119.946991434294,0,3,1,1487.54746593857,1186.87297814248
4,3,-767.073391664356,0,3,1,1540.55493343791,1229.1661702962
4,3,-140.267429080028,0,3,1,1521.42049940577,1213.89933463226
4,3,-1250.51588780816,0,4,1,1482.30096566066,1482.30096566066
4,3,110.320694806915,0,4,1,1199.91854821515,1199.91854821515
4,3,-932.304976205667,0,4,1,1495.79767551077,1495.79767551077
4,3,-99.5991358779297,0,4,1,1266.16161911186,1266.16161911186
4,3,62.6726765260878,0,4,1,1181.22939807513,1181.22939807513
4,3,-259.78409335261,0,4,1,1159.98769876943,1159.98769876943
4,3,-514.830022540859,0,4,1,1142.90918378781,1142.90918378781
4,3,382.147690180345,0,4,1,1044.79263262635,1044.79263262635
4,3,-118.106418919459,0,4,1,1268.32888574605,1268.32888574605
4,3,-1212.1662074949,0,4,1,1447.91127523773,1447.91127523773
4,3,-680.290521593088,0,5,1,1625.09345133847,1625.09345133847
4,3,111.281122620007,0,5,1,1107.35063906692,1107.35063906692
4,3,-1000.52427533143,0,5,1,1554.69550901124,1554.69550901124
4,3,-440.495178329646,0,5,1,1306.76801846588,1306.76801846588
4,3,-666.767003463852,0,5,1,1587.10173419801,1587.10173419801
4,3,-789.868490294893,0,5,1,1363.41017905173,1363.41017905173
4,3,466.992098937999,0,5,1,1254.62339868947,1254.62339868947
4,3,-207.476865025453,0,5,1,1318.7296282956,1318.7296282956
4,3,-377.321558503494,0,5,1,1434.35463569871,1434.35463569871
4,3,-850.68418075001,0,5,1,1525.62968606235,1525.62968606235
4,3,1570.19208511815,0,1,2,842.800868224536,842.800868224536
4,3,1390.01266027144,0,1,2,796.823053977561,796.823053977561
4,3,1526.72914398197,0,1,2,1015.99319050644,1015.99319050644
4,3,1641.61220442093,0,1,2,1025.0721138713,1025.0721138713
4,3,1353.61603892457,0,1,2,852.603107366606,852.603107366606
4,3,1376.36733680638,0,1,2,868.574832914535,868.574832914535
4,3,1446.92789778436,0,1,2,858.093666318115,858.093666318115
4,3,1711.74187813101,0,1,2,920.270206587162,920.270206587162
4,3,1790.13611529723,0,1,2,890.619952917894,890.619952917894
4,3,1335.51510111559,0,1,2,828.136495253325,828.136495253325
4,3,1735.35156963787,0,2,2,1115.25726083145,1115.25726083145
4,3,1654.94927487961,0,2,2,1065.74661043502,1065.74661043502
4,3,1608.83154450775,0,2,2,1167.57363405519,1167.57363405519
4,3,1839.88503291189,0,2,2,1074.42686808892,1074.42686808892
4,3,1668.23400119148,0,2,2,1255.36830654561,1255.36830654561
4,3,1737.35272628039,0,2,2,1137.14988172848,1137.14988172848
4,3,1560.52294756535,0,2,2,976.543212337553,976.543212337553
4,3,1774.19998981173,0,2,2,1038.35897675754,1038.35897675754
4,3,1577.81181195323,0,2,2,1111.30431841206,1111.30431841206
4,3,1509.33020560289,0,2,2,971.492470416456,971.492470416456
4,3,1814.91343674378,0,3,2,1426.23029378738,1137.94970248993
4,3,1206.10232139908,1,3,2,1572.48970325786,1254.6460398334
4,3,1500.51175575411,0,3,2,1698.47030213175,1355.16247510512
4,3,1803.03263155977,0,3,2,1589.20082350241,1267.97938045405
4,3,1630.09320203462,0,3,2,1440.32516505476,1149.19561041603
4,3,1761.50679274152,0,3,2,1377.39493732818,1098.98532233631
4,3,1838.31019509493,0,3,2,1669.75738833796,1332.25323537603
4,3,1831.20328628267,0,3,2,1565.55297061789,1249.11141272704
4,3,1783.8584380151,0,3,2,1441.51694820271,1150.14650122557
4,3,1596.95544166295,0,3,2,1302.62267939782,1039.32660590251
4,3,1655.56319990107,0,4,2,1355.4874898998,1355.4874898998
4,3,2024.99718553225,0,4,2,1283.60827360955,1283.60827360955
4,3,1743.55560007556,0,4,2,1531.56880225802,1531.56880225802
4,3,1636.58773838705,0,4,2,1679.86973629044,1679.86973629044
4,3,1969.35414341247,0,4,2,1534.78436797149,1534.78436797149
4,3,1722.18422433574,0,4,2,1297.09682215029,1297.09682215029
4,3,1616.51968130573,0,4,2,1223.81253186115,1223.81253186115
4,3,1732.99719212001,0,4,2,1588.6734819785,1588.6734819785
4,3,1651.73806970143,0,4,2,1475.16413324229,1475.16413324229
4,3,1757.16347145078,0,4,2,1389.11426722695,1389.11426722695
4,3,1621.19040376612,0,5,2,1404.67309392432,1404.67309392432
4,3,1765.15740708298,0,5,2,1488.32601348686,1488.32601348686
4,3,1585.7642152772,0,5,2,1309.5387551562,1309.5387551562
4,3,1687.22661372607,0,5,2,1584.07693078549,1584.07693078549
4,3,1880.92956548162,0,5,2,1617.43834514404,1617.43834514404
4,3,1918.77058985001,0,5,2,1468.83904703518,1468.83904703518
4,3,1845.40633009527,0,5,2,1589.70016799263,1589.70016799263
4,3,1387.42062790177,0,5,2,1569.16814274515,1569.16814274515
4,3,1407.29321923291,0,5,2,1542.00316283304,1542.00316283304
4,3,1639.00145319543,0,5,2,1407.65224969917,1407.65224969917
4,3,581.743403600951,0,1,3,326.636438432489,326.636438432489
4,3,1454.16065081735,0,1,3,570.090400970496,570.090400970496
4,3,1645.05697895394,0,1,3,563.267604358735,563.267604358735
4,3,858.917426698747,0,1,3,522.839232802071,522.839232802071
4,3,1136.91626784896,0,1,3,438.420695080264,438.420695080264
4,3,1369.4428379982,0,1,3,579.615879030706,579.615879030706
4,3,623.427560070633,0,1,3,408.377187371278,408.377187371278
4,3,690.106005440787,0,1,3,480.678164388769,480.678164388769
4,3,796.781073259623,0,1,3,489.891517118445,489.891517118445
4,3,827.811710556461,0,1,3,323.524616674852,323.524616674852
4,3,2196.85181547276,0,2,3,729.584049661517,729.584049661517
4,3,2081.0562707654,0,2,3,702.266792292284,702.266792292284
4,3,2024.19708278082,0,2,3,716.339704469911,716.339704469911
4,3,1959.41082771111,0,2,3,667.300892552239,667.300892552239
4,3,2066.45988941378,0,2,3,653.703995250785,653.703995250785
4,3,1105.24576280362,0,2,3,550.769331514955,550.769331514955
4,3,1267.34492026905,0,2,3,668.527041531693,668.527041531693
4,3,869.557584373988,0,2,3,539.604555751212,539.604555751212
4,3,1371.80975292899,0,2,3,701.680785262313,701.680785262313
4,3,2212.80759403202,0,2,3,758.874017372872,758.874017372872
4,3,1872.64791629382,0,3,3,1022.95262453456,816.185604681827
4,3,1494.65469961411,0,3,3,1091.09473715034,870.554311556124
4,3,1547.34051804975,0,3,3,954.751865168915,761.770105187964
4,3,2043.3646812406,0,3,3,1015.2203253418,810.016217028031
4,3,1699.54239912844,0,3,3,935.546954363546,746.447038056021
4,3,1388.80659833372,0,3,3,874.229160957799,697.523266721648
4,3,1141.49709138193,0,3,3,831.713093714197,663.600872644306
4,3,1263.42340088727,0,3,3,994.884024138412,793.790444791286
4,3,1349.2957075807,0,3,3,910.180934470943,726.208192397029
4,3,1054.34976513413,0,3,3,878.217633141944,700.705558357934
4,3,1887.97124341597,0,4,3,820.882447990893,820.882447990893
4,3,1622.26173134321,0,4,3,936.061651330381,936.061651330381
4,3,1891.70249326507,0,4,3,930.731878314421,930.731878314421
4,3,1975.54947343854,0,4,3,918.973416650011,918.973416650011
4,3,1175.69992281707,0,4,3,776.069944585657,776.069944585657
4,3,1740.35345588902,0,4,3,917.593935936978,917.593935936978
4,3,1072.1642096002,0,4,3,695.876617918367,695.876617918367
4,3,1443.92579928274,0,4,3,844.739405041276,844.739405041276
4,3,1317.28276644509,0,4,3,841.192632296061,841.192632296061
4,3,1930.27047973217,0,4,3,939.79521132198,939.79521132198
4,3,2323.07742068206,0,5,3,1023.22795804764,1023.22795804764
4,3,1062.30128142709,0,5,3,774.712837951855,774.712837951855
4,3,1656.41272981713,0,5,3,1082.36314668167,1082.36314668167
4,3,1625.07884967363,0,5,3,962.240954407207,962.240954407207
4,3,1389.56796232754,0,5,3,924.79882540345,924.79882540345
4,3,1637.43000788264,0,5,3,996.919796559029,996.919796559029
4,3,1986.33233842974,0,5,3,973.806839809082,973.806839809082
4,3,1979.59415436333,0,5,3,1059.34726843681,1059.34726843681
4,3,1755.05541076239,0,5,3,1038.91366386311,1038.91366386311
4,3,1303.32182487769,0,5,3,937.905895229255,937.905895229255
5,1,404.458776291071,0,1,2,385.229140156914,385.229140156914
5,1,400.634631015442,0,1,2,440.121024041262,440.121024041262
5,1,443.722648125643,0,1,2,430.220896504695,430.220896504695
5,1,322.582978760135,0,1,2,465.69359646861,465.69359646861
5,1,433.39332518406,0,1,2,465.493395734728,465.493395734728
5,1,452.626741142034,0,1,2,462.534492251975,462.534492251975
5,1,413.857502767164,0,1,2,443.929192163991,443.929192163991
5,1,453.852457292282,0,1,2,467.035558614505,467.035558614505
5,1,388.420021852775,0,1,2,406.382858985645,406.382858985645
5,1,431.622737768474,0,1,2,429.573794240019,429.573794240019
5,1,433.695198233894,0,2,2,472.157604665687,472.157604665687
5,1,480.96066110685,0,2,2,510.64751467519,510.64751467519
5,1,491.288101936376,0,2,2,508.273153867837,508.273153867837
5,1,473.948386006522,0,2,2,542.984892954162,542.984892954162
5,1,539.533667410964,0,2,2,444.697841516163,444.697841516163
5,1,625.510571355141,1,2,2,486.831266136451,486.831266136451
5,1,502.575448786176,0,2,2,457.517658735655,457.517658735655
5,1,478.008345890066,0,2,2,490.665191997919,490.665191997919
5,1,467.520862637532,0,2,2,533.355441174814,533.355441174814
5,1,549.877847771281,0,2,2,538.787494344126,538.787494344126
5,1,630.143148809001,0,4,2,656.750553847464,656.750553847464
5,1,729.613328467965,0,4,2,689.337486679957,689.337486679957
5,1,822.82306518466,0,4,2,754.847655748836,754.847655748836
5,1,635.618875982481,0,4,2,676.213300810792,676.213300810792
5,1,653.106047830235,0,4,2,662.214859676384,662.214859676384
5,1,434.843479171101,0,4,2,756.922353876767,756.922353876767
5,1,684.258362622826,0,4,2,868.913259077994,868.913259077994
5,1,626.288446299803,0,4,2,671.573547138965,671.573547138965
5,1,550.056423899513,0,4,2,710.893127880262,710.893127880262
5,1,770.213486770208,0,4,2,690.650634903426,690.650634903426
5,1,605.871410260736,0,5,2,735.893305451685,735.893305451685
5,1,497.694762748471,0,5,2,814.764529940966,814.764529940966
5,1,681.352522399545,0,5,2,747.694569804424,747.694569804424
5,1,531.979377111266,0,5,2,758.090876342101,758.090876342101
5,1,656.672146843735,0,5,2,863.453326623274,863.453326623274
5,1,754.0811036348,0,5,2,707.318706531416,707.318706531416
5,1,614.150931573141,0,5,2,863.443656689326,863.443656689326
5,1,705.027547528535,0,5,2,727.710327492781,727.710327492781
5,1,734.80131865242,0,5,2,709.096388621929,709.096388621929
5,1,762.374707627,0,5,2,600.900610984517,600.900610984517
5,1,637.263605049862,0,5,3,557.48842833707,557.48842833707
5,1,550.797184848196,0,5,3,587.142946152433,587.142946152433
5,1,744.370521044127,0,5,3,696.995342962859,696.995342962859
5,1,607.466943753973,0,5,3,673.228403102699,673.228403102699
5,1,530.770964528724,0,5,3,689.05195692909,689.05195692909
5,1,575.279615561472,0,5,3,679.707188326894,679.707188326894
5,1,425.576965710124,0,5,3,678.266864908275,678.266864908275
5,1,551.009239079947,0,5,3,633.197037125632,633.197037125632
5,1,1576.92438794713,1,5,3,379.415132317186,379.415132317186
5,1,617.458493925617,0,5,3,646.299343185335,646.299343185335
5,2,829.285386602227,0,3,1,827.317255175161,660.093554661033
5,2,633.696710979236,0,3,1,791.39889718275,631.435290305386
5,2,740.610460065127,0,3,1,678.686545510585,541.50522248185
5,2,600.868021463272,0,3,1,640.123513355641,510.73684576248
5,2,614.633205082809,0,3,1,859.591321809103,685.844139741306
5,2,808.632918338865,0,3,1,821.700834521101,655.612367968963
5,2,802.635816739325,0,3,1,724.806470009246,578.303034581845
5,2,421.342652928971,0,3,1,823.745508546623,657.243756819115
5,2,829.33354446152,0,3,1,805.944917069697,643.041157236461
5,2,850.012171451011,0,3,1,696.650348539539,555.838044047505
5,2,485.559015695737,0,1,2,506.293166910596,506.293166910596
5,2,539.365459184079,0,1,2,491.187640349431,491.187640349431
5,2,478.419864988791,0,1,2,273.722815967047,273.722815967047
5,2,590.545250963031,0,1,2,486.086810865612,486.086810865612
5,2,435.359553898011,0,1,2,447.240371820941,447.240371820941
5,2,363.991155347235,0,1,2,433.059244538452,433.059244538452
5,2,454.7552450258,0,1,2,426.183052960091,426.183052960091
5,2,512.483836885502,0,1,2,456.67587303228,456.67587303228
5,2,549.936777029976,0,1,2,394.819263967136,394.819263967136
5,2,438.735526443534,0,1,2,474.685714166755,474.685714166755
5,2,589.402218736431,0,2,2,501.88530933813,501.88530933813
5,2,576.909306407108,0,2,2,537.184957689981,537.184957689981
5,2,551.865107544832,0,2,2,551.892529279719,551.892529279719
5,2,562.522031657638,0,2,2,474.29753298652,474.29753298652
5,2,514.562304895879,0,2,2,624.066230542254,624.066230542254
5,2,616.197005906911,0,2,2,601.152095549116,601.152095549116
5,2,470.07130823086,0,2,2,533.475046956433,533.475046956433
5,2,563.398053347219,0,2,2,541.80866807727,541.80866807727
5,2,563.659026231914,0,2,2,506.553058368085,506.553058368085
5,2,531.333381327593,0,2,2,508.865292409792,508.865292409792
5,2,521.189572761686,0,3,2,840.424733736952,670.551649258206
5,2,537.291044300879,0,3,2,916.764799940973,731.461276548649
5,2,546.165170187098,0,3,2,818.145613627942,652.775755554209
5,2,657.097787335889,0,3,2,702.417744247132,560.439689558883
5,2,593.069374820074,0,3,2,692.506781008387,552.532006123713
5,2,663.05033283138,0,3,2,732.283164810615,584.268482561661
5,2,559.475632107704,0,3,2,793.702409237592,633.273198859781
5,2,654.967242307856,0,3,2,728.269547374941,581.066128224687
5,2,649.187951878925,0,3,2,780.907967256484,623.064867491875
5,2,650.55936989382,0,3,2,703.765552492737,561.515068478248
5,2,638.217431466721,0,4,2,684.7828058653,684.7828058653
5,2,574.916168866651,0,4,2,693.459392452511,693.459392452511
5,2,690.085488947145,0,4,2,663.085170882023,663.085170882023
5,2,546.333279222515,0,4,2,646.167778179698,646.167778179698
5,2,630.649130286737,0,4,2,671.649632788933,671.649632788933
5,2,524.771189245834,0,4,2,713.220345079081,713.220345079081
5,2,584.831959943455,0,4,2,700.827237576681,700.827237576681
5,2,636.509734634121,0,4,2,560.368580215766,560.368580215766
5,2,678.822704589561,0,4,2,615.438596840278,615.438596840278
5,2,600.66580291932,0,4,2,729.847454244193,729.847454244193
5,2,612.022893829961,0,5,2,844.712192369095,844.712192369095
5,2,655.122148305908,0,5,2,729.612489010362,729.612489010362
5,2,746.211804723815,0,5,2,739.482274086203,739.482274086203
5,2,552.85381815055,0,5,2,755.123835976368,755.123835976368
5,2,584.196116173725,0,5,2,739.088314229755,739.088314229755
5,2,634.587095546448,0,5,2,761.821784690695,761.821784690695
5,2,656.434844363243,0,5,2,740.005482712899,740.005482712899
5,2,659.50858062055,0,5,2,606.057684735426,606.057684735426
5,2,681.601296716296,0,5,2,901.213160718902,901.213160718902
5,2,729.622070030595,0,5,2,722.874442958583,722.874442958583
5,2,707.836461806575,0,5,3,667.179669317458,667.179669317458
5,2,640.756024633667,0,5,3,717.353977374217,717.353977374217
5,2,434.026848436937,1,5,3,736.666642632472,736.666642632472
5,2,788.975305150033,0,5,3,593.400791542657,593.400791542657
5,2,665.545410209658,0,5,3,721.48046336502,721.48046336502
5,2,687.083139981644,0,5,3,569.149345178711,569.149345178711
5,2,680.908717270093,0,5,3,603.310623689449,603.310623689449
5,2,620.45217345425,0,5,3,744.577963526026,744.577963526026
5,2,711.724624802503,0,5,3,674.881088597131,674.881088597131
5,2,611.550181346152,0,5,3,695.286766041324,695.286766041324
5,3,262.607106439799,1,1,1,525.903154601379,525.903154601379
5,3,705.82255323638,0,1,1,514.070419006659,514.070419006659
5,3,793.917469389479,0,1,1,506.481123956082,506.481123956082
5,3,703.038196671822,0,1,1,531.05161894412,531.05161894412
5,3,738.804365891984,0,1,1,502.933467871723,502.933467871723
5,3,595.232651597509,0,1,1,618.695684422014,618.695684422014
5,3,765.279252662364,0,1,1,591.544630464972,591.544630464972
5,3,660.361277369135,0,1,1,610.17163124174,610.17163124174
5,3,703.825018512599,0,1,1,652.010120071341,652.010120071341
5,3,849.141566516795,0,1,1,556.246708914719,556.246708914719
5,3,248.12990120314,1,2,1,843.909828681252,843.909828681252
5,3,739.762329134866,0,2,1,554.746525657841,554.746525657841
5,3,824.917787608079,0,2,1,688.105658773684,688.105658773684
5,3,582.073213691892,0,2,1,655.987408476024,655.987408476024
5,3,764.386780457376,0,2,1,624.854695421369,624.854695421369
5,3,826.651379536697,0,2,1,622.040808932624,622.040808932624
5,3,781.147738500634,0,2,1,693.713596223497,693.713596223497
5,3,866.878668166207,0,2,1,589.418204239847,589.418204239847
5,3,758.130698156069,0,2,1,523.613491817846,523.613491817846
5,3,756.630762890553,0,2,1,568.64326667643,568.64326667643
5,3,690.970322857521,0,3,1,1038.25100832824,828.39176196402
5,3,1076.28843963352,0,3,1,920.550465430911,734.481754333173
5,3,1087.94052669899,0,3,1,1061.23739267363,846.731962239599
5,3,755.731890853674,0,3,1,1072.87929761041,856.020716178518
5,3,1064.9899915723,0,3,1,853.732053139935,681.169191335054
5,3,957.769239676595,0,3,1,789.509661631835,629.927921514762
5,3,700.335987106782,0,3,1,840.976556349372,670.991933257478
5,3,503.048893063733,0,3,1,972.881117830147,776.234934438947
5,3,952.409103744649,0,3,1,1092.35190234668,871.557368893628
5,3,797.123088455138,0,3,1,1075.53042511962,858.135977489055
5,3,658.17711998915,0,4,1,958.115588182961,958.115588182961
5,3,835.529560318006,0,4,1,881.650088527745,881.650088527745
5,3,976.503456576391,0,4,1,814.138359606799,814.138359606799
5,3,484.394862234955,0,4,1,759.324436219675,759.324436219675
5,3,957.259956259036,0,4,1,697.544380277257,697.544380277257
5,3,930.982971641532,0,4,1,825.498710792891,825.498710792891
5,3,1022.21230679666,0,4,1,892.289021881295,892.289021881295
5,3,668.464184038297,0,4,1,873.522577229047,873.522577229047
5,3,748.696439567642,0,4,1,1040.7588086339,1040.7588086339
5,3,1054.29628583535,0,4,1,831.459583056599,831.459583056599
5,3,756.172840960656,0,5,1,980.448920940304,980.448920940304
5,3,1073.16948510824,0,5,1,839.186548504747,839.186548504747
5,3,1051.06906883842,0,5,1,855.330566905681,855.330566905681
5,3,741.053606076053,0,5,1,910.994987107357,910.994987107357
5,3,821.306990366512,0,5,1,761.754394198064,761.754394198064
5,3,671.739391534576,0,5,1,1125.78706258057,1125.78706258057
5,3,775.78652483627,0,5,1,1125.80080685456,1125.80080685456
5,3,975.014699382467,0,5,1,947.840800585702,947.840800585702
5,3,859.404401770796,0,5,1,1052.10331258113,1052.10331258113
5,3,1010.7830780586,0,5,1,1026.38938201773,1026.38938201773
5,3,628.894826519678,0,1,2,582.936523933025,582.936523933025
5,3,627.600881303261,0,1,2,322.416475620251,322.416475620251
5,3,634.550559130952,0,1,2,576.256452185061,576.256452185061
5,3,565.624409035749,0,1,2,630.395960281421,630.395960281421
5,3,625.043069393943,0,1,2,561.822801167169,561.822801167169
5,3,604.865282772258,0,1,2,544.785602182749,544.785602182749
5,3,779.10279430753,0,1,2,616.219147394332,616.219147394332
5,3,551.705469994816,0,1,2,414.159396972185,414.159396972185
5,3,587.982270533488,0,1,2,460.763397620842,460.763397620842
5,3,706.843914867685,0,1,2,517.701243069783,517.701243069783
5,3,761.137653657995,0,2,2,680.686448277072,680.686448277072
5,3,777.793498103357,0,2,2,692.949122906097,692.949122906097
5,3,809.675480175148,0,2,2,685.652906459812,685.652906459812
5,3,871.73051217437,0,2,2,651.9600593444,651.9600593444
5,3,818.048800404528,0,2,2,704.242188743687,704.242188743687
5,3,771.530188168179,0,2,2,645.592933090115,645.592933090115
5,3,737.311374564459,0,2,2,700.622910095532,700.622910095532
5,3,718.25037098677,0,2,2,661.449105613685,661.449105613685
5,3,687.609925856402,0,2,2,663.033355879247,663.033355879247
5,3,679.652038952308,0,2,2,654.788680377407,654.788680377407
5,3,901.713317221299,0,3,2,998.501502055732,796.676730363615
5,3,881.036185071081,0,3,2,895.278832157834,714.318217147209
5,3,866.707884953361,0,3,2,1055.05142806925,841.79635218291
5,3,820.631511096407,0,3,2,1049.92442661906,837.705659536485
5,3,740.550917543112,0,3,2,923.812329843345,737.084305726073
5,3,907.837598136715,0,3,2,911.085737496682,726.930109704799
5,3,838.280100152104,0,3,2,983.127922085516,784.41057613206
5,3,834.90412679701,0,3,2,900.369837184031,718.380189242578
5,3,1012.28560659859,0,3,2,1027.4516585667,819.775259494708
5,3,856.380681113692,0,3,2,893.272386031301,712.717329280293
5,3,984.197199283717,0,4,2,970.286788074484,970.286788074484
5,3,825.776318020569,0,4,2,853.461425525548,853.461425525548
5,3,899.929658608889,0,4,2,834.121188801986,834.121188801986
5,3,952.341112870867,0,4,2,949.029672898244,949.029672898244
5,3,796.961827624022,0,4,2,795.071636651343,795.071636651343
5,3,709.866441054508,0,4,2,853.681036017163,853.681036017163
5,3,888.877655660396,0,4,2,594.396586209746,594.396586209746
5,3,794.82106206486,0,4,2,883.862468908204,883.862468908204
5,3,885.923852428874,0,4,2,840.783170160728,840.783170160728
5,3,787.196157109338,0,4,2,838.613049993514,838.613049993514
5,3,873.830675074811,0,5,2,958.326406950284,958.326406950284
5,3,830.21777596644,0,5,2,892.924535830778,892.924535830778
5,3,905.846082034607,0,5,2,1027.95554398451,1027.95554398451
5,3,857.159235360753,0,5,2,750.125617477082,750.125617477082
5,3,829.136147993188,0,5,2,952.133196311404,952.133196311404
5,3,947.139890930434,0,5,2,979.711036916006,979.711036916006
5,3,824.238603864261,0,5,2,978.192318095174,978.192318095174
5,3,788.05584009605,0,5,2,918.201454394478,918.201454394478
5,3,914.665181571938,0,5,2,975.578918598314,975.578918598314
5,3,892.87362514283,0,5,2,847.834342354262,847.834342354262
5,3,592.225728461874,0,1,3,498.685636327756,498.685636327756
5,3,601.120059456856,0,1,3,477.117202047422,477.117202047422
5,3,501.897865169302,0,1,3,414.189521345106,414.189521345106
5,3,562.882331543814,0,1,3,500.042930682496,500.042930682496
5,3,735.457515348455,0,1,3,507.152082494021,507.152082494021
5,3,525.352981069367,0,1,3,461.140669685753,461.140669685753
5,3,670.174113866675,0,1,3,508.281766285725,508.281766285725
5,3,609.463451009787,0,1,3,428.275838787105,428.275838787105
5,3,734.860135918207,0,1,3,495.810833596078,495.810833596078
5,3,560.617741497783,0,1,3,518.020818442574,518.020818442574
5,3,726.488615448251,0,2,3,521.999635417526,521.999635417526
5,3,671.94398114804,0,2,3,552.23118803648,552.23118803648
5,3,612.825414433218,0,2,3,579.61399316735,579.61399316735
5,3,642.305048909491,0,2,3,450.485310960345,450.485310960345
5,3,642.402045632155,0,2,3,597.990252285728,597.990252285728
5,3,563.109933606057,0,2,3,643.930145315037,643.930145315037
5,3,764.807196469823,0,2,3,581.131524301347,581.131524301347
5,3,673.769075238609,0,2,3,629.03145817526,629.03145817526
5,3,680.22860391359,0,2,3,571.071812035709,571.071812035709
5,3,639.964911996047,0,2,3,493.859948205978,493.859948205978
5,3,808.414176867741,0,3,3,866.845420816026,691.631984693638
5,3,761.890030698404,0,3,3,804.231361359191,641.673958531269
5,3,764.947676420945,0,3,3,759.598660518131,606.0627610517
5,3,664.013022758257,0,3,3,754.630917362042,602.099136193119
5,3,804.785882979661,0,3,3,899.809512654808,717.933121799049
5,3,763.920804939391,0,3,3,808.698396167773,645.238082048755
5,3,659.641382099702,0,3,3,1045.2034224668,833.938900904362
5,3,569.696699694154,0,3,3,749.218096180072,597.780395888355
5,3,818.063944627772,0,3,3,900.067380052817,718.138867063418
5,3,629.281221674059,0,3,3,863.110355106152,688.651879074057
5,3,800.113185532327,0,4,3,872.445616083463,872.445616083463
5,3,817.660140480521,0,4,3,811.084817976318,811.084817976318
5,3,897.227635598577,1,4,3,770.542754801951,770.542754801951
5,3,643.697252036977,1,4,3,735.090847838457,735.090847838457
5,3,805.671165780339,0,4,3,700.280402495024,700.280402495024
5,3,660.653237502213,1,4,3,818.169743135156,818.169743135156
5,3,787.021341005065,0,4,3,751.8446000211,751.8446000211
5,3,811.27487402609,0,4,3,801.571842912581,801.571842912581
5,3,672.535163965839,1,4,3,785.090563513726,785.090563513726
5,3,795.882078561619,0,4,3,754.138187876434,754.138187876434
5,3,859.888576996814,0,5,3,770.89518564671,770.89518564671
5,3,776.269989951712,0,5,3,944.692899932982,944.692899932982
5,3,727.016163615611,0,5,3,829.837746321579,829.837746321579
5,3,853.00974822944,0,5,3,967.826177092859,967.826177092859
5,3,742.414989350721,0,5,3,618.926650062901,618.926650062901
5,3,912.479054470956,0,5,3,774.292436275691,774.292436275691
5,3,652.235146488368,0,5,3,806.948336635357,806.948336635357
5,3,875.034358975959,0,5,3,855.949656830412,855.949656830412
5,3,734.423942830673,0,5,3,807.385982349199,807.385982349199
5,3,672.992874390414,0,5,3,816.274197231711,816.274197231711
